create table Order_transaction (
   Id int primary key not null,
   OrderDate date not null,
   OrderNumber varchar(10),
   CustomerId int not null,
   TotalAmount decimal(12,2),
   PaymentType VARCHAR(15)
);

INSERT INTO Order_transaction (Id,OrderDate,CustomerId,TotalAmount,OrderNumber,PaymentType) 
VALUES (1,'2012-07-04',85,440.00,'542378','Cash')
	,(2,'2012-07-05',79,1863.40,'542379','Debit Card')
	,(3,'2012-07-08',34,1813.00,'542380','Credit Card')
	,(4,'2012-07-08',84,670.80,'542381','Cash')
	,(5,'2012-07-09',76,3730.00,'542382','Cash')
	,(6,'2012-07-10',34,1444.80,'542383','Credit Card')
	,(7,'2012-07-11',14,625.20,'542384','Debit Card')
	,(8,'2012-07-12',68,2490.50,'542385','Cash')
	,(9,'2012-07-15',88,517.80,'542386','Debit Card')
	,(10,'2012-07-16',35,1119.90,'542387','Debit Card')
	,(11,'2012-07-17',20,2018.60,'542388','Credit Card')
	,(12,'2012-07-18',13,100.80,'542389','Credit Card')
	,(13,'2012-07-19',56,1746.20,'542390','Cash')
	,(14,'2012-07-19',61,448.00,'542391','Debit Card')
	,(15,'2012-07-22',65,624.80,'542392','Cash')
	,(16,'2012-07-23',20,2464.80,'542393','Cash')
	,(17,'2012-07-24',24,724.50,'542394','Credit Card')
	,(18,'2012-07-25',7,1176.00,'542395','Cash')
	,(19,'2012-07-26',87,364.80,'542396','Debit Card')
	,(20,'2012-07-29',25,4031.00,'542397','Credit Card')
	,(21,'2012-07-30',33,1101.20,'542398','Cash')
	,(22,'2012-07-31',89,676.00,'542399','Cash')
	,(23,'2012-08-01',87,1376.00,'542400','Credit Card')
	,(24,'2012-08-01',75,48.00,'542401','Debit Card')
	,(25,'2012-08-02',65,1456.00,'542402','Cash')
	,(26,'2012-08-05',63,2142.40,'542403','Debit Card')
	,(27,'2012-08-06',85,538.60,'542404','Debit Card')
	,(28,'2012-08-07',49,307.20,'542405','Credit Card')
	,(29,'2012-08-08',80,420.00,'542406','Credit Card')
	,(30,'2012-08-09',52,1200.80,'542407','Cash')
	,(31,'2012-08-12',5,1488.80,'542408','Debit Card')
	,(32,'2012-08-13',44,468.00,'542409','Cash')
	,(33,'2012-08-14',5,613.20,'542410','Cash')
	,(34,'2012-08-14',69,86.50,'542411','Credit Card')
	,(35,'2012-08-15',69,155.40,'542412','Cash')
	,(36,'2012-08-16',46,1414.80,'542413','Debit Card')
	,(37,'2012-08-19',44,1452.00,'542414','Credit Card')
	,(38,'2012-08-20',63,2179.20,'542415','Cash')
	,(39,'2012-08-21',63,3016.00,'542416','Cash')
	,(40,'2012-08-22',67,924.00,'542417','Credit Card')
	,(41,'2012-08-23',66,89.00,'542418','Debit Card')
	,(42,'2012-08-26',11,479.40,'542419','Cash')
	,(43,'2012-08-27',15,2169.00,'542420','Debit Card')
	,(44,'2012-08-27',61,552.80,'542421','Debit Card')
	,(45,'2012-08-28',81,1296.00,'542422','Credit Card')
	,(46,'2012-08-29',80,848.70,'542423','Credit Card')
	,(47,'2012-08-30',65,1887.60,'542424','Cash')
	,(48,'2012-09-02',85,121.60,'542425','Debit Card')
	,(49,'2012-09-03',46,1050.60,'542426','Cash')
	,(50,'2012-09-04',7,1420.00,'542427','Cash')
	,(51,'2012-09-05',37,3127.00,'542428','Credit Card')
	,(52,'2012-09-06',67,349.50,'542429','Cash')
	,(53,'2012-09-09',49,608.00,'542430','Debit Card')
	,(54,'2012-09-09',86,755.00,'542431','Credit Card')
	,(55,'2012-09-10',76,2708.80,'542432','Cash')
	,(56,'2012-09-11',30,1242.00,'542433','Cash')
	,(57,'2012-09-12',80,954.40,'542434','Credit Card')
	,(58,'2012-09-13',55,4157.00,'542435','Debit Card')
	,(59,'2012-09-16',69,498.50,'542436','Cash')
	,(60,'2012-09-17',48,424.00,'542437','Debit Card')
	,(61,'2012-09-18',2,88.80,'542438','Debit Card')
	,(62,'2012-09-19',37,1762.00,'542439','Credit Card')
	,(63,'2012-09-20',77,336.00,'542440','Credit Card')
	,(64,'2012-09-20',18,268.80,'542441','Cash')
	,(65,'2012-09-23',86,1614.80,'542442','Debit Card')
	,(66,'2012-09-24',63,182.40,'542443','Cash')
	,(67,'2012-09-25',65,2327.00,'542444','Cash')
	,(68,'2012-09-26',38,516.80,'542445','Credit Card')
	,(69,'2012-09-27',65,2835.00,'542446','Cash')
	,(70,'2012-09-30',48,288.00,'542447','Debit Card')
	,(71,'2012-10-01',38,240.40,'542448','Credit Card')
	,(72,'2012-10-02',80,1191.20,'542449','Cash')
	,(73,'2012-10-03',87,516.00,'542450','Cash')
	,(74,'2012-10-03',38,144.00,'542451','Credit Card')
	,(75,'2012-10-04',58,112.00,'542452','Debit Card')
	,(76,'2012-10-07',39,164.40,'542453','Cash')
	,(77,'2012-10-08',71,6155.90,'542454','Debit Card')
	,(78,'2012-10-09',39,1497.00,'542455','Debit Card')
	,(79,'2012-10-10',8,982.00,'542456','Credit Card')
	,(80,'2012-10-11',24,2262.50,'542457','Credit Card')
	,(81,'2012-10-14',28,1168.00,'542458','Cash')
	,(82,'2012-10-15',75,4819.40,'542459','Debit Card')
	,(83,'2012-10-16',46,1940.00,'542460','Cash')
	,(84,'2012-10-16',9,88.50,'542461','Cash')
	,(85,'2012-10-17',51,2233.60,'542462','Credit Card')
	,(86,'2012-10-18',87,954.00,'542463','Cash')
	,(87,'2012-10-21',84,144.80,'542464','Debit Card')
	,(88,'2012-10-22',37,2545.20,'542465','Credit Card')
	,(89,'2012-10-23',60,316.80,'542466','Cash')
	,(90,'2012-10-24',25,2467.00,'542467','Cash')
	,(91,'2012-10-25',55,934.50,'542468','Credit Card')
	,(92,'2012-10-28',51,3463.20,'542469','Debit Card')
	,(93,'2012-10-29',9,2564.40,'542470','Cash')
	,(94,'2012-10-29',73,412.00,'542471','Debit Card')
	,(95,'2012-10-30',25,2300.80,'542472','Debit Card')
	,(96,'2012-10-31',44,1586.00,'542473','Credit Card')
	,(97,'2012-11-01',89,2856.00,'542474','Credit Card')
	,(98,'2012-11-04',63,2924.80,'542475','Cash')
	,(99,'2012-11-05',65,1731.20,'542476','Debit Card')
	,(100,'2012-11-06',21,928.00,'542477','Cash')
	,(101,'2012-11-07',86,396.00,'542478','Cash')
	,(102,'2012-11-08',75,141.60,'542479','Credit Card')
	,(103,'2012-11-11',41,713.40,'542480','Cash')
	,(104,'2012-11-11',20,5677.60,'542481','Debit Card')
	,(105,'2012-11-12',28,154.00,'542482','Credit Card')
	,(106,'2012-11-13',59,10741.60,'542483','Cash')
	,(107,'2012-11-14',58,568.80,'542484','Cash')
	,(108,'2012-11-15',4,480.00,'542485','Credit Card')
	,(109,'2012-11-18',86,1106.40,'542486','Debit Card')
	,(110,'2012-11-19',46,1360.00,'542487','Cash')
	,(111,'2012-11-20',41,452.00,'542488','Debit Card')
	,(112,'2012-11-21',72,3654.40,'542489','Debit Card')
	,(113,'2012-11-22',7,7390.20,'542490','Credit Card')
	,(114,'2012-11-22',63,2273.60,'542491','Credit Card')
	,(115,'2012-11-25',9,1549.60,'542492','Cash')
	,(116,'2012-11-26',17,447.20,'542493','Debit Card')
	,(117,'2012-11-26',19,950.00,'542494','Cash')
	,(118,'2012-11-27',3,403.20,'542495','Cash')
	,(119,'2012-11-28',29,136.00,'542496','Credit Card')
	,(120,'2012-11-28',83,834.20,'542497','Cash')
	,(121,'2012-11-29',20,1834.20,'542498','Debit Card')
	,(122,'2012-12-02',75,2527.20,'542499','Credit Card')
	,(123,'2012-12-03',14,1174.00,'542500','Cash')
	,(124,'2012-12-03',41,91.20,'542501','Cash')
	,(125,'2012-12-04',62,12281.20,'542502','Credit Card')
	,(126,'2012-12-05',37,1708.00,'542503','Debit Card')
	,(127,'2012-12-05',91,459.00,'542504','Cash')
	,(128,'2012-12-06',36,338.00,'542505','Debit Card')
	,(129,'2012-12-09',51,420.00,'542506','Debit Card')
	,(130,'2012-12-09',72,1016.00,'542507','Credit Card')
	,(131,'2012-12-10',24,103.20,'542508','Credit Card')
	,(132,'2012-12-11',61,959.20,'542509','Cash')
	,(133,'2012-12-12',37,1419.80,'542510','Debit Card')
	,(134,'2012-12-12',46,112.00,'542511','Cash')
	,(135,'2012-12-13',20,2900.00,'542512','Cash')
	,(136,'2012-12-16',4,899.00,'542513','Credit Card')
	,(137,'2012-12-16',5,2222.40,'542514','Cash')
	,(138,'2012-12-17',75,864.00,'542515','Debit Card')
	,(139,'2012-12-18',21,166.00,'542516','Credit Card')
	,(140,'2012-12-18',70,1058.40,'542517','Cash')
	,(141,'2012-12-19',72,1274.00,'542518','Cash')
	,(142,'2012-12-20',10,1832.80,'542519','Credit Card')
	,(143,'2012-12-23',20,2275.20,'542520','Debit Card')
	,(144,'2012-12-23',17,86.40,'542521','Cash')
	,(145,'2012-12-24',59,1440.00,'542522','Debit Card')
	,(146,'2012-12-25',71,3302.60,'542523','Debit Card')
	,(147,'2012-12-25',36,442.00,'542524','Credit Card')
	,(148,'2012-12-26',35,2333.20,'542525','Credit Card')
	,(149,'2012-12-27',25,1903.80,'542526','Cash')
	,(150,'2012-12-27',60,843.20,'542527','Debit Card')
	,(151,'2012-12-30',71,2736.00,'542528','Cash')
	,(152,'2012-12-31',83,1765.60,'542529','Cash')
	,(153,'2013-01-01',19,3063.00,'542530','Credit Card')
	,(154,'2013-01-01',65,3868.60,'542531','Cash')
	,(155,'2013-01-02',20,2713.50,'542532','Debit Card')
	,(156,'2013-01-03',20,1005.90,'542533','Credit Card')
	,(157,'2013-01-03',49,1675.00,'542534','Cash')
	,(158,'2013-01-06',47,400.00,'542535','Cash')
	,(159,'2013-01-07',62,2018.20,'542536','Credit Card')
	,(160,'2013-01-07',56,1194.00,'542537','Debit Card')
	,(161,'2013-01-08',23,1622.40,'542538','Cash')
	,(162,'2013-01-09',54,319.20,'542539','Debit Card')
	,(163,'2013-01-10',10,802.00,'542540','Debit Card')
	,(164,'2013-01-10',10,1208.50,'542541','Credit Card')
	,(165,'2013-01-13',87,372.00,'542542','Credit Card')
	,(166,'2013-01-14',41,2123.20,'542543','Cash')
	,(167,'2013-01-14',21,231.40,'542544','Debit Card')
	,(168,'2013-01-15',36,102.40,'542545','Cash')
	,(169,'2013-01-16',87,720.00,'542546','Cash')
	,(170,'2013-01-16',73,11283.20,'542547','Credit Card')
	,(171,'2013-01-17',63,1814.80,'542548','Cash')
	,(172,'2013-01-20',68,2208.00,'542549','Debit Card')
	,(173,'2013-01-21',88,1897.60,'542550','Credit Card')
	,(174,'2013-01-21',61,1273.20,'542551','Cash')
	,(175,'2013-01-22',27,49.80,'542552','Cash')
	,(176,'2013-01-23',31,1020.00,'542553','Credit Card')
	,(177,'2013-01-23',51,11493.20,'542554','Debit Card')
	,(178,'2013-01-24',41,480.00,'542555','Cash')
	,(179,'2013-01-27',29,338.20,'542556','Debit Card')
	,(180,'2013-01-27',59,651.00,'542557','Debit Card')
	,(181,'2013-01-28',66,192.00,'542558','Credit Card')
	,(182,'2013-01-29',37,1748.50,'542559','Credit Card')
	,(183,'2013-01-30',20,5796.00,'542560','Cash')
	,(184,'2013-01-30',10,2523.00,'542561','Debit Card')
	,(185,'2013-01-31',75,485.00,'542562','Cash')
	,(186,'2013-02-03',60,851.20,'542563','Cash')
	,(187,'2013-02-03',24,360.00,'542564','Credit Card')
	,(188,'2013-02-04',16,631.60,'542565','Cash')
	,(189,'2013-02-05',7,2210.80,'542566','Debit Card')
	,(190,'2013-02-05',87,393.00,'542567','Credit Card')
	,(191,'2013-02-06',79,567.50,'542568','Cash')
	,(192,'2013-02-07',51,1078.00,'542569','Cash')
	,(193,'2013-02-10',71,5793.10,'542570','Credit Card')
	,(194,'2013-02-10',55,1755.00,'542571','Debit Card')
	,(195,'2013-02-11',20,1792.00,'542572','Cash')
	,(196,'2013-02-12',66,537.60,'542573','Debit Card')
	,(197,'2013-02-12',5,1031.70,'542574','Debit Card')
	,(198,'2013-02-13',5,174.90,'542575','Credit Card')
	,(199,'2013-02-14',79,273.60,'542576','Credit Card')
	,(200,'2013-02-14',67,914.40,'542577','Cash')
	,(201,'2013-02-17',64,443.40,'542578','Debit Card')
	,(202,'2013-02-18',7,1838.20,'542579','Cash')
	,(203,'2013-02-19',84,531.40,'542580','Cash')
	,(204,'2013-02-19',63,4277.40,'542581','Credit Card')
	,(205,'2013-02-20',71,2096.00,'542582','Cash')
	,(206,'2013-02-21',4,453.00,'542583','Debit Card')
	,(207,'2013-02-21',41,414.00,'542584','Credit Card')
	,(208,'2013-02-24',87,2684.00,'542585','Cash')
	,(209,'2013-02-25',39,656.00,'542586','Cash')
	,(210,'2013-02-25',39,1584.00,'542587','Credit Card')
	,(211,'2013-02-26',76,3891.00,'542588','Debit Card')
	,(212,'2013-02-27',84,1688.00,'542589','Cash')
	,(213,'2013-02-28',24,234.80,'542590','Debit Card')
	,(214,'2013-02-28',46,2051.60,'542591','Debit Card')
	,(215,'2013-03-03',16,156.00,'542592','Credit Card')
	,(216,'2013-03-04',76,713.30,'542593','Credit Card')
	,(217,'2013-03-04',28,1848.00,'542594','Cash')
	,(218,'2013-03-05',83,2719.00,'542595','Debit Card')
	,(219,'2013-03-06',15,216.00,'542596','Cash')
	,(220,'2013-03-06',49,235.20,'542597','Cash')
	,(221,'2013-03-07',39,717.60,'542598','Credit Card')
	,(222,'2013-03-10',89,1125.50,'542599','Cash')
	,(223,'2013-03-11',9,1820.80,'542600','Debit Card')
	,(224,'2013-03-11',11,1328.00,'542601','Credit Card')
	,(225,'2013-03-12',72,1051.20,'542602','Cash')
	,(226,'2013-03-13',38,230.40,'542603','Cash')
	,(227,'2013-03-13',58,1249.10,'542604','Credit Card')
	,(228,'2013-03-14',76,1770.80,'542605','Debit Card')
	,(229,'2013-03-17',35,182.40,'542606','Cash')
	,(230,'2013-03-17',60,672.00,'542607','Debit Card')
	,(231,'2013-03-18',84,496.00,'542608','Debit Card')
	,(232,'2013-03-19',65,10495.60,'542609','Credit Card')
	,(233,'2013-03-20',23,756.00,'542610','Credit Card')
	,(234,'2013-03-20',67,1472.00,'542611','Cash')
	,(235,'2013-03-21',43,147.00,'542612','Debit Card')
	,(236,'2013-03-24',89,704.00,'542613','Cash')
	,(237,'2013-03-24',11,386.20,'542614','Cash')
	,(238,'2013-03-25',47,1760.00,'542615','Credit Card')
	,(239,'2013-03-26',35,1272.00,'542616','Cash')
	,(240,'2013-03-26',62,925.10,'542617','Debit Card')
	,(241,'2013-03-27',25,1560.00,'542618','Credit Card')
	,(242,'2013-03-28',59,502.20,'542619','Cash')
	,(243,'2013-03-31',35,3163.20,'542620','Cash')
	,(244,'2013-03-31',28,305.30,'542621','Credit Card')
	,(245,'2013-04-01',10,896.00,'542622','Debit Card')
	,(246,'2013-04-02',41,676.00,'542623','Cash')
	,(247,'2013-04-02',15,912.00,'542624','Debit Card')
	,(248,'2013-04-03',42,278.00,'542625','Debit Card')
	,(249,'2013-04-04',81,200.00,'542626','Credit Card')
	,(250,'2013-04-04',44,1380.60,'542627','Credit Card')
	,(251,'2013-04-07',35,575.00,'542628','Cash')
	,(252,'2013-04-08',46,1412.00,'542629','Debit Card')
	,(253,'2013-04-09',41,550.80,'542630','Cash')
	,(254,'2013-04-09',6,149.00,'542631','Cash')
	,(255,'2013-04-10',58,816.30,'542632','Credit Card')
	,(256,'2013-04-11',37,2048.50,'542633','Cash')
	,(257,'2013-04-11',89,1388.50,'542634','Debit Card')
	,(258,'2013-04-14',51,147.90,'542635','Credit Card')
	,(259,'2013-04-15',39,462.00,'542636','Cash')
	,(260,'2013-04-15',3,881.25,'542637','Cash')
	,(261,'2013-04-16',56,240.00,'542638','Credit Card')
	,(262,'2013-04-17',6,136.80,'542639','Debit Card')
	,(263,'2013-04-18',71,4735.44,'542640','Cash')
	,(264,'2013-04-18',9,3000.00,'542641','Debit Card')
	,(265,'2013-04-21',21,618.00,'542642','Debit Card')
	,(266,'2013-04-22',86,2427.50,'542643','Credit Card')
	,(267,'2013-04-22',20,8623.45,'542644','Credit Card')
	,(268,'2013-04-23',63,10588.50,'542645','Cash')
	,(269,'2013-04-24',37,2614.50,'542646','Debit Card')
	,(270,'2013-04-24',53,352.00,'542647','Cash')
	,(271,'2013-04-25',80,4150.05,'542648','Cash')
	,(272,'2013-04-28',14,2356.00,'542649','Credit Card')
	,(273,'2013-04-29',70,200.00,'542650','Cash')
	,(274,'2013-04-29',12,225.50,'542651','Debit Card')
	,(275,'2013-04-30',44,2657.80,'542652','Credit Card')
	,(276,'2013-05-01',72,2715.90,'542653','Cash')
	,(277,'2013-05-01',5,3192.65,'542654','Cash')
	,(278,'2013-05-02',9,846.00,'542655','Credit Card')
	,(279,'2013-05-05',87,1344.00,'542656','Debit Card')
	,(280,'2013-05-05',63,1670.00,'542657','Cash')
	,(281,'2013-05-06',32,396.20,'542658','Debit Card')
	,(282,'2013-05-07',50,946.00,'542659','Debit Card')
	,(283,'2013-05-08',59,4180.00,'542660','Credit Card')
	,(284,'2013-05-08',54,110.00,'542661','Credit Card')
	,(285,'2013-05-09',19,796.35,'542662','Cash')
	,(286,'2013-05-12',24,2295.20,'542663','Debit Card')
	,(287,'2013-05-12',44,517.40,'542664','Cash')
	,(288,'2013-05-13',3,2156.50,'542665','Cash')
	,(289,'2013-05-14',44,2085.00,'542666','Credit Card')
	,(290,'2013-05-14',68,1823.80,'542667','Cash')
	,(291,'2013-05-15',11,139.80,'542668','Debit Card')
	,(292,'2013-05-16',11,355.50,'542669','Credit Card')
	,(293,'2013-05-19',63,10191.70,'542670','Cash')
	,(294,'2013-05-19',34,2162.80,'542671','Cash')
	,(295,'2013-05-20',39,493.80,'542672','Credit Card')
	,(296,'2013-05-21',46,1770.00,'542673','Debit Card')
	,(297,'2013-05-21',48,417.20,'542674','Cash')
	,(298,'2013-05-22',43,210.00,'542675','Debit Card')
	,(299,'2013-05-23',84,2812.00,'542676','Debit Card')
	,(300,'2013-05-23',72,1908.00,'542677','Credit Card')
	,(301,'2013-05-26',79,275.10,'542678','Credit Card')
	,(302,'2013-05-27',63,4181.50,'542679','Cash')
	,(303,'2013-05-28',30,749.00,'542680','Debit Card')
	,(304,'2013-05-28',28,1836.00,'542681','Cash')
	,(305,'2013-05-29',35,880.50,'542682','Cash')
	,(306,'2013-05-30',87,1546.30,'542683','Credit Card')
	,(307,'2013-05-30',56,1819.50,'542684','Cash')
	,(308,'2013-06-02',71,3680.50,'542685','Debit Card')
	,(309,'2013-06-03',73,835.20,'542686','Credit Card')
	,(310,'2013-06-03',44,1152.50,'542687','Cash')
	,(311,'2013-06-04',4,2142.90,'542688','Cash')
	,(312,'2013-06-05',7,547.80,'542689','Credit Card')
	,(313,'2013-06-06',25,1257.30,'542690','Debit Card')
	,(314,'2013-06-06',24,2844.50,'542691','Cash')
	,(315,'2013-06-09',66,543.00,'542692','Debit Card')
	,(316,'2013-06-10',67,965.00,'542693','Debit Card')
	,(317,'2013-06-10',65,1299.00,'542694','Credit Card')
	,(318,'2013-06-11',51,711.00,'542695','Credit Card')
	,(319,'2013-06-12',7,2040.00,'542696','Cash')
	,(320,'2013-06-12',37,3109.00,'542697','Debit Card')
	,(321,'2013-06-13',29,155.00,'542698','Cash')
	,(322,'2013-06-16',65,977.50,'542699','Cash')
	,(323,'2013-06-17',51,2595.00,'542700','Credit Card')
	,(324,'2013-06-17',20,647.75,'542701','Cash')
	,(325,'2013-06-18',5,1565.65,'542702','Debit Card')
	,(326,'2013-06-19',3,2082.00,'542703','Credit Card')
	,(327,'2013-06-19',82,764.30,'542704','Cash')
	,(328,'2013-06-20',52,2147.40,'542705','Cash')
	,(329,'2013-06-23',80,838.45,'542706','Credit Card')
	,(330,'2013-06-23',82,569.00,'542707','Debit Card')
	,(331,'2013-06-24',11,477.00,'542708','Cash')
	,(332,'2013-06-25',45,317.75,'542709','Debit Card')
	,(333,'2013-06-26',56,1067.10,'542710','Debit Card')
	,(334,'2013-06-26',21,387.50,'542711','Credit Card')
	,(335,'2013-06-27',6,330.00,'542712','Credit Card')
	,(336,'2013-06-30',87,2413.90,'542713','Cash')
	,(337,'2013-06-30',7,625.00,'542714','Debit Card')
	,(338,'2013-07-01',88,142.50,'542715','Cash')
	,(339,'2013-07-02',66,28.00,'542716','Cash')
	,(340,'2013-07-02',61,807.38,'542717','Credit Card')
	,(341,'2013-07-03',63,3900.00,'542718','Cash')
	,(342,'2013-07-04',32,72.00,'542719','Debit Card')
	,(343,'2013-07-07',51,1140.00,'542720','Credit Card')
	,(344,'2013-07-07',83,812.50,'542721','Cash')
	,(345,'2013-07-08',44,543.65,'542722','Cash')
	,(346,'2013-07-09',44,2493.00,'542723','Credit Card')
	,(347,'2013-07-09',55,565.50,'542724','Debit Card')
	,(348,'2013-07-10',20,6300.00,'542725','Cash')
	,(349,'2013-07-11',89,1476.10,'542726','Debit Card')
	,(350,'2013-07-11',59,800.10,'542727','Debit Card')
	,(351,'2013-07-14',65,2388.50,'542728','Credit Card')
	,(352,'2013-07-15',11,493.00,'542729','Credit Card')
	,(353,'2013-07-16',36,479.80,'542730','Cash')
	,(354,'2013-07-16',35,2285.00,'542731','Debit Card')
	,(355,'2013-07-17',83,65.00,'542732','Cash')
	,(356,'2013-07-18',71,1508.00,'542733','Cash')
	,(357,'2013-07-18',28,256.50,'542734','Credit Card')
	,(358,'2013-07-21',51,4326.00,'542735','Cash')
	,(359,'2013-07-22',81,1413.00,'542736','Debit Card')
	,(360,'2013-07-22',71,6475.40,'542737','Credit Card')
	,(361,'2013-07-23',79,1064.00,'542738','Cash')
	,(362,'2013-07-24',18,424.00,'542739','Cash')
	,(363,'2013-07-25',41,399.00,'542740','Credit Card')
	,(364,'2013-07-25',91,808.00,'542741','Debit Card')
	,(365,'2013-07-28',71,6375.00,'542742','Cash')
	,(366,'2013-07-29',35,358.00,'542743','Debit Card')
	,(367,'2013-07-29',6,464.00,'542744','Debit Card')
	,(368,'2013-07-30',90,120.00,'542745','Credit Card')
	,(369,'2013-07-31',32,5032.00,'542746','Credit Card')
	,(370,'2013-07-31',32,1650.00,'542747','Cash')
	,(371,'2013-08-01',51,2697.50,'542748','Debit Card')
	,(372,'2013-08-04',51,1260.00,'542749','Cash')
	,(373,'2013-08-05',42,57.50,'542750','Cash')
	,(374,'2013-08-05',38,758.50,'542751','Credit Card')
	,(375,'2013-08-06',67,605.00,'542752','Cash')
	,(376,'2013-08-07',25,1429.75,'542753','Debit Card')
	,(377,'2013-08-07',78,1393.24,'542754','Credit Card')
	,(378,'2013-08-08',2,479.75,'542755','Cash')
	,(379,'2013-08-11',5,1503.60,'542756','Cash')
	,(380,'2013-08-11',71,1264.50,'542757','Credit Card')
	,(381,'2013-08-12',7,450.00,'542758','Debit Card')
	,(382,'2013-08-12',30,2775.05,'542759','Cash')
	,(383,'2013-08-13',39,918.00,'542760','Debit Card')
	,(384,'2013-08-14',41,62.00,'542761','Debit Card')
	,(385,'2013-08-14',86,620.00,'542762','Credit Card')
	,(386,'2013-08-15',20,6483.05,'542763','Credit Card')
	,(387,'2013-08-15',23,4985.50,'542764','Cash')
	,(388,'2013-08-18',49,1380.25,'542765','Debit Card')
	,(389,'2013-08-19',87,629.50,'542766','Cash')
	,(390,'2013-08-19',62,2896.25,'542767','Cash')
	,(391,'2013-08-20',47,2720.05,'542768','Credit Card')
	,(392,'2013-08-20',70,500.00,'542769','Cash')
	,(393,'2013-08-21',86,945.00,'542770','Debit Card')
	,(394,'2013-08-22',35,2054.00,'542771','Credit Card')
	,(395,'2013-08-22',73,870.00,'542772','Cash')
	,(396,'2013-08-25',1,1086.00,'542773','Cash')
	,(397,'2013-08-25',88,1422.00,'542774','Credit Card')
	,(398,'2013-08-26',34,1535.00,'542775','Debit Card')
	,(399,'2013-08-27',37,1928.00,'542776','Cash')
	,(400,'2013-08-27',61,636.00,'542777','Debit Card')
	,(401,'2013-08-28',67,382.50,'542778','Debit Card')
	,(402,'2013-08-28',50,1434.00,'542779','Credit Card')
	,(403,'2013-08-29',21,1820.20,'542780','Credit Card')
	,(404,'2013-09-01',86,530.40,'542781','Cash')
	,(405,'2013-09-01',31,331.78,'542782','Debit Card')
	,(406,'2013-09-02',25,1203.50,'542783','Cash')
	,(407,'2013-09-02',5,668.70,'542784','Cash')
	,(408,'2013-09-03',66,193.00,'542785','Credit Card')
	,(409,'2013-09-04',32,671.35,'542786','Cash')
	,(410,'2013-09-04',71,4371.60,'542787','Debit Card')
	,(411,'2013-09-05',63,4668.00,'542788','Credit Card')
	,(412,'2013-09-05',62,1291.60,'542789','Cash')
	,(413,'2013-09-08',36,1701.00,'542790','Cash')
	,(414,'2013-09-09',37,703.25,'542791','Credit Card')
	,(415,'2013-09-09',48,125.00,'542792','Debit Card')
	,(416,'2013-09-10',9,2032.00,'542793','Cash')
	,(417,'2013-09-10',28,1515.75,'542794','Debit Card')
	,(418,'2013-09-11',48,1295.00,'542795','Debit Card')
	,(419,'2013-09-12',68,4666.94,'542796','Credit Card')
	,(420,'2013-09-12',20,1921.00,'542797','Credit Card')
	,(421,'2013-09-15',86,694.75,'542798','Cash')
	,(422,'2013-09-15',73,570.00,'542799','Debit Card')
	,(423,'2013-09-16',25,2301.75,'542800','Cash')
	,(424,'2013-09-17',26,920.10,'542801','Cash')
	,(425,'2013-09-17',5,4210.50,'542802','Credit Card')
	,(426,'2013-09-18',90,412.35,'542803','Cash')
	,(427,'2013-09-18',38,45.00,'542804','Debit Card')
	,(428,'2013-09-19',25,1423.00,'542805','Credit Card')
	,(429,'2013-09-22',80,534.85,'542806','Cash')
	,(430,'2013-09-22',3,956.90,'542807','Cash')
	,(431,'2013-09-23',71,5256.50,'542808','Credit Card')
	,(432,'2013-09-23',7,660.00,'542809','Debit Card')
	,(433,'2013-09-24',55,1682.50,'542810','Cash')
	,(434,'2013-09-25',32,1327.00,'542811','Debit Card')
	,(435,'2013-09-25',3,375.50,'542812','Debit Card')
	,(436,'2013-09-26',18,63.00,'542813','Credit Card')
	,(437,'2013-09-26',56,1768.00,'542814','Credit Card')
	,(438,'2013-09-29',31,801.10,'542815','Cash')
	,(439,'2013-09-30',59,1638.45,'542816','Debit Card')
	,(440,'2013-09-30',37,6201.90,'542817','Cash')
	,(441,'2013-10-01',83,3490.00,'542818','Cash')
	,(442,'2013-10-01',5,630.00,'542819','Credit Card')
	,(443,'2013-10-02',34,1150.00,'542820','Cash')
	,(444,'2013-10-03',63,10164.80,'542821','Debit Card')
	,(445,'2013-10-03',1,878.00,'542822','Credit Card')
	,(446,'2013-10-06',89,2334.00,'542823','Cash')
	,(447,'2013-10-06',63,4825.00,'542824','Cash')
	,(448,'2013-10-07',90,642.00,'542825','Credit Card')
	,(449,'2013-10-08',89,996.00,'542826','Debit Card')
	,(450,'2013-10-08',47,1073.90,'542827','Cash')
	,(451,'2013-10-09',20,3600.73,'542828','Debit Card')
	,(452,'2013-10-09',52,114.00,'542829','Debit Card')
	,(453,'2013-10-10',71,2048.00,'542830','Credit Card')
	,(454,'2013-10-13',37,3370.00,'542831','Credit Card')
	,(455,'2013-10-13',1,330.00,'542832','Cash')
	,(456,'2013-10-14',24,2545.00,'542833','Debit Card')
	,(457,'2013-10-14',62,595.50,'542834','Cash')
	,(458,'2013-10-15',35,378.00,'542835','Cash')
	,(459,'2013-10-16',55,1893.00,'542836','Credit Card')
	,(460,'2013-10-16',4,1704.00,'542837','Cash')
	,(461,'2013-10-17',77,180.40,'542838','Debit Card')
	,(462,'2013-10-17',31,3424.00,'542839','Credit Card')
	,(463,'2013-10-20',27,93.50,'542840','Cash')
	,(464,'2013-10-21',71,4451.70,'542841','Cash')
	,(465,'2013-10-21',37,1238.40,'542842','Credit Card')
	,(466,'2013-10-22',71,2827.90,'542843','Debit Card')
	,(467,'2013-10-22',71,2941.00,'542844','Cash')
	,(468,'2013-10-23',9,1296.00,'542845','Debit Card')
	,(469,'2013-10-24',64,706.00,'542846','Debit Card')
	,(470,'2013-10-24',25,1331.75,'542847','Credit Card')
	,(471,'2013-10-27',39,3463.00,'542848','Credit Card')
	,(472,'2013-10-27',45,1125.67,'542849','Cash')
	,(473,'2013-10-28',61,550.00,'542850','Debit Card')
	,(474,'2013-10-29',63,972.50,'542851','Cash')
	,(475,'2013-10-29',71,1570.00,'542852','Cash')
	,(476,'2013-10-30',89,468.45,'542853','Credit Card')
	,(477,'2013-10-30',51,638.50,'542854','Cash')
	,(478,'2013-10-31',21,287.80,'542855','Debit Card')
	,(479,'2013-11-03',19,655.00,'542856','Credit Card')
	,(480,'2013-11-03',66,1710.00,'542857','Cash')
	,(481,'2013-11-04',62,1296.75,'542858','Cash')
	,(482,'2013-11-04',47,1850.00,'542859','Credit Card')
	,(483,'2013-11-05',9,509.75,'542860','Debit Card')
	,(484,'2013-11-06',14,1990.00,'542861','Cash')
	,(485,'2013-11-06',9,360.00,'542862','Debit Card')
	,(486,'2013-11-07',5,1459.00,'542863','Debit Card')
	,(487,'2013-11-07',31,1498.35,'542864','Credit Card')
	,(488,'2013-11-10',45,596.00,'542865','Credit Card')
	,(489,'2013-11-11',37,997.00,'542866','Cash')
	,(490,'2013-11-11',85,139.80,'542867','Debit Card')
	,(491,'2013-11-12',74,52.35,'542868','Cash')
	,(492,'2013-11-12',85,240.00,'542869','Cash')
	,(493,'2013-11-13',89,1770.00,'542870','Credit Card')
	,(494,'2013-11-14',4,285.00,'542871','Cash')
	,(495,'2013-11-14',10,3118.00,'542872','Debit Card')
	,(496,'2013-11-17',4,336.00,'542873','Credit Card')
	,(497,'2013-11-17',83,920.00,'542874','Cash')
	,(498,'2013-11-18',63,4529.80,'542875','Cash')
	,(499,'2013-11-19',14,2311.70,'542876','Credit Card')
	,(500,'2013-11-19',59,1912.85,'542877','Debit Card')
	,(501,'2013-11-20',71,2196.00,'542878','Cash')
	,(502,'2013-11-20',38,1080.00,'542879','Debit Card')
	,(503,'2013-11-21',87,1871.25,'542880','Debit Card')
	,(504,'2013-11-24',68,1701.46,'542881','Credit Card')
	,(505,'2013-11-24',53,252.00,'542882','Credit Card')
	,(506,'2013-11-25',27,88.00,'542883','Cash')
	,(507,'2013-11-25',49,55.20,'542884','Debit Card')
	,(508,'2013-11-26',9,2598.00,'542885','Cash')
	,(509,'2013-11-27',75,2487.50,'542886','Cash')
	,(510,'2013-11-27',71,3082.00,'542887','Credit Card')
	,(511,'2013-11-28',68,1644.60,'542888','Cash')
	,(512,'2013-11-28',2,320.00,'542889','Debit Card')
	,(513,'2013-12-01',50,3304.00,'542890','Credit Card')
	,(514,'2013-12-02',65,629.50,'542891','Cash')
	,(515,'2013-12-02',24,4337.00,'542892','Cash')
	,(516,'2013-12-03',23,616.00,'542893','Credit Card')
	,(517,'2013-12-03',20,2540.00,'542894','Debit Card')
	,(518,'2013-12-04',63,1684.00,'542895','Cash')
	,(519,'2013-12-05',56,2310.00,'542896','Debit Card')
	,(520,'2013-12-05',76,28.00,'542897','Debit Card')
	,(521,'2013-12-08',4,1477.00,'542898','Credit Card')
	,(522,'2013-12-08',83,1704.00,'542899','Credit Card')
	,(523,'2013-12-09',34,315.00,'542900','Cash')
	,(524,'2013-12-10',20,344.00,'542901','Debit Card')
	,(525,'2013-12-10',44,3603.22,'542902','Cash')
	,(526,'2013-12-11',20,2216.25,'542903','Cash')
	,(527,'2013-12-11',24,875.00,'542904','Credit Card')
	,(528,'2013-12-12',78,228.00,'542905','Cash')
	,(529,'2013-12-15',20,6984.50,'542906','Debit Card')
	,(530,'2013-12-15',31,280.00,'542907','Credit Card')
	,(531,'2013-12-16',5,96.50,'542908','Cash')
	,(532,'2013-12-16',52,1335.00,'542909','Cash')
	,(533,'2013-12-16',46,720.00,'542910','Credit Card')
	,(534,'2013-12-17',87,1132.35,'542911','Debit Card')
	,(535,'2013-12-17',12,12.50,'542912','Cash')
	,(536,'2013-12-18',34,1442.50,'542913','Debit Card')
	,(537,'2013-12-18',49,1650.00,'542914','Debit Card')
	,(538,'2013-12-18',33,387.50,'542915','Credit Card')
	,(539,'2013-12-19',62,1913.85,'542916','Credit Card')
	,(540,'2013-12-19',41,2760.80,'542917','Cash')
	,(541,'2013-12-22',63,770.00,'542918','Debit Card')
	,(542,'2013-12-22',23,3687.00,'542919','Cash')
	,(543,'2013-12-22',31,850.00,'542920','Cash')
	,(544,'2013-12-23',25,1926.06,'542921','Credit Card')
	,(545,'2013-12-23',91,399.85,'542922','Cash')
	,(546,'2013-12-24',4,191.10,'542923','Debit Card')
	,(547,'2013-12-24',61,393.45,'542924','Credit Card')
	,(548,'2013-12-24',20,2499.25,'542925','Cash')
	,(549,'2013-12-25',35,2878.08,'542926','Cash')
	,(550,'2013-12-25',17,420.00,'542927','Credit Card')
	,(551,'2013-12-26',38,446.60,'542928','Debit Card')
	,(552,'2013-12-26',39,1585.00,'542929','Cash')
	,(553,'2013-12-26',72,1632.15,'542930','Debit Card')
	,(554,'2013-12-29',8,4035.80,'542931','Debit Card')
	,(555,'2013-12-29',73,3923.75,'542932','Credit Card')
	,(556,'2013-12-30',88,1255.80,'542933','Credit Card')
	,(557,'2013-12-30',72,2290.40,'542934','Cash')
	,(558,'2013-12-30',77,2775.00,'542935','Debit Card')
	,(559,'2013-12-31',84,572.10,'542936','Cash')
	,(560,'2013-12-31',27,18.40,'542937','Cash')
	,(561,'2014-01-01',55,1660.00,'542938','Credit Card')
	,(562,'2014-01-01',88,140.00,'542939','Cash')
	,(563,'2014-01-01',42,187.00,'542940','Debit Card')
	,(564,'2014-01-02',47,852.00,'542941','Credit Card')
	,(565,'2014-01-02',66,1852.00,'542942','Cash')
	,(566,'2014-01-05',67,648.00,'542943','Cash')
	,(567,'2014-01-05',84,2070.00,'542944','Credit Card')
	,(568,'2014-01-05',71,40.00,'542945','Debit Card')
	,(569,'2014-01-06',32,8891.00,'542946','Cash')
	,(570,'2014-01-06',39,11490.70,'542947','Debit Card')
	,(571,'2014-01-07',49,833.00,'542948','Debit Card')
	,(572,'2014-01-07',12,477.00,'542949','Credit Card')
	,(573,'2014-01-07',65,1140.00,'542950','Credit Card')
	,(574,'2014-01-08',75,678.00,'542951','Cash')
	,(575,'2014-01-08',82,237.90,'542952','Debit Card')
	,(576,'2014-01-09',46,3107.50,'542953','Cash')
	,(577,'2014-01-09',24,250.80,'542954','Cash')
	,(578,'2014-01-09',17,1030.76,'542955','Credit Card')
	,(579,'2014-01-12',7,730.00,'542956','Cash')
	,(580,'2014-01-12',9,843.00,'542957','Debit Card')
	,(581,'2014-01-13',64,932.00,'542958','Credit Card')
	,(582,'2014-01-13',38,1764.00,'542959','Cash')
	,(583,'2014-01-13',81,1974.00,'542960','Cash')
	,(584,'2014-01-14',70,2684.40,'542961','Credit Card')
	,(585,'2014-01-14',41,568.95,'542962','Debit Card')
	,(586,'2014-01-15',56,1007.70,'542963','Cash')
	,(587,'2014-01-15',81,1508.12,'542964','Debit Card')
	,(588,'2014-01-15',1,851.00,'542965','Debit Card')
	,(589,'2014-01-16',20,4705.50,'542966','Credit Card')
	,(590,'2014-01-16',5,1254.00,'542967','Credit Card')
	,(591,'2014-01-19',47,2584.50,'542968','Cash')
	,(592,'2014-01-19',81,919.50,'542969','Debit Card')
	,(593,'2014-01-19',47,264.00,'542970','Cash')
	,(594,'2014-01-20',76,4581.00,'542971','Cash')
	,(595,'2014-01-20',80,975.00,'542972','Credit Card')
	,(596,'2014-01-21',84,212.00,'542973','Cash')
	,(597,'2014-01-21',59,735.00,'542974','Debit Card')
	,(598,'2014-01-21',63,4059.00,'542975','Credit Card')
	,(599,'2014-01-22',76,1112.00,'542976','Cash')
	,(600,'2014-01-22',71,6164.90,'542977','Cash')
	,(601,'2014-01-23',16,931.50,'542978','Credit Card')
	,(602,'2014-01-23',39,1052.14,'542979','Debit Card')
	,(603,'2014-01-23',84,740.00,'542980','Cash')
	,(604,'2014-01-26',67,2740.00,'542981','Debit Card')
	,(605,'2014-01-26',65,2984.00,'542982','Debit Card')
	,(606,'2014-01-27',6,625.00,'542983','Credit Card')
	,(607,'2014-01-27',20,3490.00,'542984','Credit Card')
	,(608,'2014-01-27',55,2275.25,'542985','Cash')
	,(609,'2014-01-28',3,660.00,'542986','Debit Card')
	,(610,'2014-01-28',5,2630.95,'542987','Cash')
	,(611,'2014-01-29',40,649.00,'542988','Cash')
	,(612,'2014-01-29',25,1438.25,'542989','Credit Card')
	,(613,'2014-01-29',26,519.00,'542990','Cash')
	,(614,'2014-01-30',89,3523.40,'542991','Debit Card')
	,(615,'2014-01-30',44,581.00,'542992','Credit Card')
	,(616,'2014-02-02',35,519.00,'542993','Cash')
	,(617,'2014-02-02',4,282.00,'542994','Cash')
	,(618,'2014-02-02',63,17250.00,'542995','Credit Card')
	,(619,'2014-02-03',5,1461.60,'542996','Debit Card')
	,(620,'2014-02-03',48,98.40,'542997','Cash')
	,(621,'2014-02-04',62,2004.60,'542998','Debit Card')
	,(622,'2014-02-04',72,1630.00,'542999','Debit Card')
	,(623,'2014-02-04',91,160.00,'543000','Credit Card')
	,(624,'2014-02-05',9,2083.40,'543001','Credit Card')
	,(625,'2014-02-05',30,2166.80,'543002','Cash')
	,(626,'2014-02-06',90,336.80,'543003','Debit Card')
	,(627,'2014-02-06',30,310.00,'543004','Cash')
	,(628,'2014-02-06',5,729.50,'543005','Cash')
	,(629,'2014-02-09',9,917.00,'543006','Credit Card')
	,(630,'2014-02-09',67,2086.00,'543007','Cash')
	,(631,'2014-02-10',63,1620.00,'543008','Debit Card')
	,(632,'2014-02-10',90,611.30,'543009','Credit Card')
	,(633,'2014-02-10',24,1875.00,'543010','Cash')
	,(634,'2014-02-11',12,150.00,'543011','Cash')
	,(635,'2014-02-11',71,988.40,'543012','Credit Card')
	,(636,'2014-02-12',48,36.00,'543013','Debit Card')
	,(637,'2014-02-12',45,1450.60,'543014','Cash')
	,(638,'2014-02-12',76,1209.00,'543015','Debit Card')
	,(639,'2014-02-13',34,3127.50,'543016','Debit Card')
	,(640,'2014-02-13',29,70.00,'543017','Credit Card')
	,(641,'2014-02-16',30,605.00,'543018','Credit Card')
	,(642,'2014-02-16',65,11380.00,'543019','Cash')
	,(643,'2014-02-16',18,860.10,'543020','Debit Card')
	,(644,'2014-02-17',44,388.35,'543021','Cash')
	,(645,'2014-02-17',50,2200.00,'543022','Cash')
	,(646,'2014-02-18',39,5502.11,'543023','Credit Card')
	,(647,'2014-02-18',71,2898.00,'543024','Cash')
	,(648,'2014-02-18',20,6379.40,'543025','Debit Card')
	,(649,'2014-02-19',50,750.50,'543026','Credit Card')
	,(650,'2014-02-19',37,10835.24,'543027','Cash')
	,(651,'2014-02-20',54,30.00,'543028','Cash')
	,(652,'2014-02-20',46,144.00,'543029','Credit Card')
	,(653,'2014-02-20',88,45.00,'543030','Debit Card')
	,(654,'2014-02-23',35,934.50,'543031','Cash')
	,(655,'2014-02-23',24,1015.80,'543032','Debit Card')
	,(656,'2014-02-24',34,932.05,'543033','Debit Card')
	,(657,'2014-02-24',89,1924.25,'543034','Credit Card')
	,(658,'2014-02-24',88,360.00,'543035','Credit Card')
	,(659,'2014-02-25',91,427.50,'543036','Cash')
	,(660,'2014-02-25',74,108.50,'543037','Debit Card')
	,(661,'2014-02-26',66,698.00,'543038','Cash')
	,(662,'2014-02-26',70,670.00,'543039','Cash')
	,(663,'2014-02-26',90,452.90,'543040','Credit Card')
	,(664,'2014-02-26',30,858.00,'543041','Cash')
	,(665,'2014-02-26',37,8267.40,'543042','Debit Card')
	,(666,'2014-02-26',62,958.75,'543043','Credit Card')
	,(667,'2014-02-27',62,537.50,'543044','Cash')
	,(668,'2014-02-27',80,539.50,'543045','Cash')
	,(669,'2014-02-27',64,686.70,'543046','Credit Card')
	,(670,'2014-03-02',69,365.89,'543047','Debit Card')
	,(671,'2014-03-02',10,1930.00,'543048','Cash')
	,(672,'2014-03-02',47,1122.80,'543049','Debit Card')
	,(673,'2014-03-03',4,390.00,'543050','Debit Card')
	,(674,'2014-03-03',83,1936.00,'543051','Credit Card')
	,(675,'2014-03-03',34,742.50,'543052','Credit Card')
	,(676,'2014-03-03',41,936.00,'543053','Cash')
	,(677,'2014-03-04',5,2034.50,'543054','Debit Card')
	,(678,'2014-03-04',34,559.00,'543055','Cash')
	,(679,'2014-03-04',2,514.40,'543056','Cash')
	,(680,'2014-03-05',40,800.00,'543057','Credit Card')
	,(681,'2014-03-05',29,137.50,'543058','Cash')
	,(682,'2014-03-05',25,1174.75,'543059','Debit Card')
	,(683,'2014-03-06',76,2455.00,'543060','Credit Card')
	,(684,'2014-03-06',68,837.00,'543061','Cash')
	,(685,'2014-03-06',9,1925.50,'543062','Cash')
	,(686,'2014-03-06',38,920.60,'543063','Credit Card')
	,(687,'2014-03-09',44,500.00,'543064','Debit Card')
	,(688,'2014-03-09',88,700.00,'543065','Cash')
	,(689,'2014-03-09',32,570.00,'543066','Debit Card')
	,(690,'2014-03-10',12,644.80,'543067','Debit Card')
	,(691,'2014-03-10',63,3642.50,'543068','Credit Card')
	,(692,'2014-03-10',49,750.00,'543069','Credit Card')
	,(693,'2014-03-11',9,360.00,'543070','Cash')
	,(694,'2014-03-11',71,4769.00,'543071','Debit Card')
	,(695,'2014-03-11',66,560.00,'543072','Cash')
	,(696,'2014-03-11',11,711.00,'543073','Cash')
	,(697,'2014-03-12',10,1139.10,'543074','Credit Card')
	,(698,'2014-03-12',52,245.00,'543075','Cash')
	,(699,'2014-03-12',83,1407.50,'543076','Debit Card')
	,(700,'2014-03-13',11,220.00,'543077','Credit Card')
	,(701,'2014-03-13',30,2362.25,'543078','Cash')
	,(702,'2014-03-13',10,4422.00,'543079','Cash')
	,(703,'2014-03-16',49,110.00,'543080','Credit Card')
	,(704,'2014-03-16',68,482.90,'543081','Debit Card')
	,(705,'2014-03-16',1,491.20,'543082','Cash')
	,(706,'2014-03-16',4,4675.00,'543083','Debit Card')
	,(707,'2014-03-17',47,1902.10,'543084','Debit Card')
	,(708,'2014-03-17',24,93.00,'543085','Credit Card')
	,(709,'2014-03-17',6,677.00,'543086','Credit Card')
	,(710,'2014-03-18',35,1762.70,'543087','Cash')
	,(711,'2014-03-18',54,781.00,'543088','Debit Card')
	,(712,'2014-03-18',31,155.00,'543089','Cash')
	,(713,'2014-03-19',35,276.60,'543090','Cash')
	,(714,'2014-03-19',62,1122.00,'543091','Credit Card')
	,(715,'2014-03-19',63,3584.00,'543092','Cash')
	,(716,'2014-03-19',28,68.00,'543093','Debit Card')
	,(717,'2014-03-20',74,2052.50,'543094','Credit Card')
	,(718,'2014-03-20',55,848.00,'543095','Cash')
	,(719,'2014-03-20',14,1255.60,'543096','Cash')
	,(720,'2014-03-23',79,910.40,'543097','Credit Card')
	,(721,'2014-03-23',20,1408.00,'543098','Debit Card')
	,(722,'2014-03-23',15,108.00,'543099','Cash')
	,(723,'2014-03-24',8,280.00,'543100','Debit Card')
	,(724,'2014-03-24',26,1733.06,'543101','Debit Card')
	,(725,'2014-03-24',40,251.50,'543102','Credit Card')
	,(726,'2014-03-24',40,291.55,'543103','Credit Card')
	,(727,'2014-03-25',75,439.00,'543104','Cash')
	,(728,'2014-03-25',10,717.50,'543105','Debit Card')
	,(729,'2014-03-25',35,912.00,'543106','Cash')
	,(730,'2014-03-26',24,2233.00,'543107','Cash')
	,(731,'2014-03-26',50,1500.70,'543108','Credit Card')
	,(732,'2014-03-26',20,4813.50,'543109','Cash')
	,(733,'2014-03-27',24,310.00,'543110','Debit Card')
	,(734,'2014-03-27',34,15810.00,'543111','Credit Card')
	,(735,'2014-03-27',10,1014.00,'543112','Cash')
	,(736,'2014-03-27',71,796.50,'543113','Cash')
	,(737,'2014-03-30',71,1809.75,'543114','Credit Card')
	,(738,'2014-03-30',37,2248.20,'543115','Debit Card')
	,(739,'2014-03-30',54,2220.00,'543116','Cash')
	,(740,'2014-03-31',19,2772.00,'543117','Debit Card')
	,(741,'2014-03-31',65,3772.00,'543118','Debit Card')
	,(742,'2014-03-31',61,1353.60,'543119','Credit Card')
	,(743,'2014-04-01',20,4931.00,'543120','Credit Card')
	,(744,'2014-04-01',63,2870.00,'543121','Cash')
	,(745,'2014-04-01',77,69.60,'543122','Debit Card')
	,(746,'2014-04-01',24,6527.25,'543123','Cash')
	,(747,'2014-04-02',83,990.00,'543124','Cash')
	,(748,'2014-04-02',58,1196.00,'543125','Credit Card')
	,(749,'2014-04-02',63,560.00,'543126','Cash')
	,(750,'2014-04-03',46,1980.00,'543127','Debit Card')
	,(751,'2014-04-03',91,686.00,'543128','Credit Card')
	,(752,'2014-04-03',56,1261.00,'543129','Cash')
	,(753,'2014-04-06',65,1075.00,'543130','Cash')
	,(754,'2014-04-06',24,2769.00,'543131','Credit Card')
	,(755,'2014-04-06',71,1902.00,'543132','Debit Card')
	,(756,'2014-04-06',78,326.00,'543133','Cash')
	,(757,'2014-04-07',50,295.38,'543134','Debit Card')
	,(758,'2014-04-07',90,586.00,'543135','Debit Card')
	,(759,'2014-04-07',32,391.58,'543136','Credit Card')
	,(760,'2014-04-08',60,2633.90,'543137','Credit Card')
	,(761,'2014-04-08',20,4903.50,'543138','Cash')
	,(762,'2014-04-08',30,702.00,'543139','Debit Card')
	,(763,'2014-04-09',66,645.00,'543140','Cash')
	,(764,'2014-04-09',1,960.00,'543141','Cash')
	,(765,'2014-04-09',25,2974.00,'543142','Credit Card')
	,(766,'2014-04-09',69,361.00,'543143','Cash')
	,(767,'2014-04-10',47,270.20,'543144','Debit Card')
	,(768,'2014-04-10',70,622.35,'543145','Credit Card')
	,(769,'2014-04-10',4,491.50,'543146','Cash')
	,(770,'2014-04-13',20,6750.00,'543147','Cash')
	,(771,'2014-04-13',48,1575.00,'543148','Credit Card')
	,(772,'2014-04-13',64,76.00,'543149','Debit Card')
	,(773,'2014-04-14',56,744.00,'543150','Cash')
	,(774,'2014-04-14',63,6941.49,'543151','Debit Card')
	,(775,'2014-04-14',34,1402.00,'543152','Debit Card')
	,(776,'2014-04-14',11,1500.00,'543153','Credit Card')
	,(777,'2014-04-15',19,1966.81,'543154','Credit Card')
	,(778,'2014-04-15',87,300.00,'543155','Cash')
	,(779,'2014-04-15',27,1030.00,'543156','Debit Card')
	,(780,'2014-04-16',10,1170.30,'543157','Cash')
	,(781,'2014-04-16',39,2160.00,'543158','Cash')
	,(782,'2014-04-16',14,1286.80,'543159','Credit Card')
	,(783,'2014-04-17',71,16321.90,'543160','Cash')
	,(784,'2014-04-17',71,2393.50,'543161','Debit Card')
	,(785,'2014-04-17',89,8902.50,'543162','Credit Card')
	,(786,'2014-04-17',68,3592.00,'543163','Cash')
	,(787,'2014-04-20',55,554.40,'543164','Cash')
	,(788,'2014-04-20',76,1754.50,'543165','Credit Card')
	,(789,'2014-04-20',17,1692.00,'543166','Debit Card')
	,(790,'2014-04-21',30,60.00,'543167','Cash')
	,(791,'2014-04-21',76,751.00,'543168','Debit Card')
	,(792,'2014-04-21',47,3090.00,'543169','Debit Card')
	,(793,'2014-04-22',32,200.00,'543170','Credit Card')
	,(794,'2014-04-22',14,1887.00,'543171','Credit Card')
	,(795,'2014-04-22',15,405.75,'543172','Cash')
	,(796,'2014-04-22',74,210.00,'543173','Debit Card')
	,(797,'2014-04-23',91,591.60,'543174','Cash')
	,(798,'2014-04-23',10,1309.50,'543175','Cash')
	,(799,'2014-04-23',86,1564.00,'543176','Credit Card')
	,(800,'2014-04-24',19,1090.50,'543177','Cash')
	,(801,'2014-04-24',10,525.00,'543178','Debit Card')
	,(802,'2014-04-24',31,342.00,'543179','Credit Card')
	,(803,'2014-04-27',24,900.00,'543180','Cash')
	,(804,'2014-04-27',41,45.00,'543181','Cash')
	,(805,'2014-04-27',34,1665.00,'543182','Credit Card')
	,(806,'2014-04-27',59,3658.75,'543183','Debit Card')
	,(807,'2014-04-28',12,305.00,'543184','Cash')
	,(808,'2014-04-28',35,1727.50,'543185','Debit Card')
	,(809,'2014-04-28',19,3740.00,'543186','Debit Card')
	,(810,'2014-04-29',53,45.00,'543187','Credit Card')
	,(811,'2014-04-29',6,858.00,'543188','Credit Card')
	,(812,'2014-04-29',67,1838.00,'543189','Cash')
	,(813,'2014-04-30',27,266.00,'543190','Debit Card')
	,(814,'2014-04-30',32,510.00,'543191','Cash')
	,(815,'2014-04-30',66,508.00,'543192','Cash')
	,(816,'2014-04-30',37,1445.50,'543193','Credit Card')
	,(817,'2014-05-01',71,4722.30,'543194','Cash')
	,(818,'2014-05-01',46,252.56,'543195','Debit Card')
	,(819,'2014-05-01',89,928.75,'543196','Credit Card')
	,(820,'2014-05-04',17,86.85,'543197','Cash')
	,(821,'2014-05-04',62,2384.80,'543198','Cash')
	,(822,'2014-05-04',80,360.00,'543199','Credit Card')
	,(823,'2014-05-05',44,1873.50,'543200','Debit Card')
	,(824,'2014-05-05',46,510.00,'543201','Cash')
	,(825,'2014-05-05',20,5218.00,'543202','Debit Card')
	,(826,'2014-05-05',58,300.00,'543203','Debit Card')
	,(827,'2014-05-06',73,244.30,'543204','Credit Card')
	,(828,'2014-05-06',68,586.00,'543205','Credit Card')
	,(829,'2014-05-06',9,1057.00,'543206','Cash')
	,(830,'2014-05-06',65,1374.60,'543207','Debit Card');
	
create table OrderItem (
	Id int primary key not null,
	OrderId int not null,
	ProductId int not null,
	UnitPrice decimal(12,2) not null,
	Quantity int not null
);

INSERT INTO OrderItem (Id,OrderId,ProductId,UnitPrice,Quantity)
VALUES(1,1,11,14.00,12)
	,(2,1,42,9.80,10)
	,(3,1,72,34.80,5)
	,(4,2,14,18.60,9)
	,(5,2,51,42.40,40)
	,(6,3,41,7.70,10)
	,(7,3,51,42.40,35)
	,(8,3,65,16.80,15)
	,(9,4,22,16.80,6)
	,(10,4,57,15.60,15)
	,(11,4,65,16.80,20)
	,(12,5,20,64.80,40)
	,(13,5,33,2.00,25)
	,(14,5,60,27.20,40)
	,(15,6,31,10.00,20)
	,(16,6,39,14.40,42)
	,(17,6,49,16.00,40)
	,(18,7,24,3.60,15)
	,(19,7,55,19.20,21)
	,(20,7,74,8.00,21)
	,(21,8,2,15.20,20)
	,(22,8,16,13.90,35)
	,(23,8,36,15.20,25)
	,(24,8,59,44.00,30)
	,(25,9,53,26.20,15)
	,(26,9,77,10.40,12)
	,(27,10,27,35.10,25)
	,(28,10,39,14.40,6)
	,(29,10,77,10.40,15)
	,(30,11,2,15.20,50)
	,(31,11,5,17.00,65)
	,(32,11,32,25.60,6)
	,(33,12,21,8.00,10)
	,(34,12,37,20.80,1)
	,(35,13,41,7.70,16)
	,(36,13,57,15.60,50)
	,(37,13,62,39.40,15)
	,(38,13,70,12.00,21)
	,(39,14,21,8.00,20)
	,(40,14,35,14.40,20)
	,(41,15,5,17.00,12)
	,(42,15,7,24.00,15)
	,(43,15,56,30.40,2)
	,(44,16,16,13.90,60)
	,(45,16,24,3.60,28)
	,(46,16,30,20.70,60)
	,(47,16,74,8.00,36)
	,(48,17,2,15.20,35)
	,(49,17,41,7.70,25)
	,(50,18,17,31.20,30)
	,(51,18,70,12.00,20)
	,(52,19,12,30.40,12)
	,(53,20,40,14.70,50)
	,(54,20,59,44.00,70)
	,(55,20,76,14.40,15)
	,(56,21,29,99.00,10)
	,(57,21,72,27.80,4)
	,(58,22,33,2.00,60)
	,(59,22,72,27.80,20)
	,(60,23,36,15.20,30)
	,(61,23,43,36.80,25)
	,(62,24,33,2.00,24)
	,(63,25,20,64.80,6)
	,(64,25,31,10.00,40)
	,(65,25,72,27.80,24)
	,(66,26,10,24.80,24)
	,(67,26,31,10.00,15)
	,(68,26,33,2.00,20)
	,(69,26,40,14.70,60)
	,(70,26,76,14.40,33)
	,(71,27,71,17.20,20)
	,(72,27,72,27.80,7)
	,(73,28,24,3.60,12)
	,(74,28,59,44.00,6)
	,(75,29,10,24.80,15)
	,(76,29,13,4.80,10)
	,(77,30,28,36.40,20)
	,(78,30,62,39.40,12)
	,(79,31,44,15.50,16)
	,(80,31,59,44.00,15)
	,(81,31,63,35.10,8)
	,(82,31,73,12.00,25)
	,(83,32,17,31.20,15)
	,(84,33,24,3.60,12)
	,(85,33,55,19.20,20)
	,(86,33,75,6.20,30)
	,(87,34,19,7.30,1)
	,(88,34,24,3.60,6)
	,(89,34,35,14.40,4)
	,(90,35,30,20.70,6)
	,(91,35,57,15.60,2)
	,(92,36,15,12.40,20)
	,(93,36,19,7.30,18)
	,(94,36,60,27.20,35)
	,(95,36,72,27.80,3)
	,(96,37,27,35.10,15)
	,(97,37,44,15.50,21)
	,(98,37,60,27.20,20)
	,(99,37,67,11.20,5)
	,(100,38,1,14.40,45)
	,(101,38,40,14.70,40)
	,(102,38,53,26.20,36)
	,(103,39,35,14.40,100)
	,(104,39,62,39.40,40)
	,(105,40,16,13.90,40)
	,(106,40,34,11.20,20)
	,(107,40,46,9.60,15)
	,(108,41,54,5.90,10)
	,(109,41,68,10.00,3)
	,(110,42,3,8.00,30)
	,(111,42,64,26.60,9)
	,(112,43,5,17.00,20)
	,(113,43,29,99.00,15)
	,(114,43,49,16.00,15)
	,(115,43,77,10.40,10)
	,(116,44,13,4.80,20)
	,(117,44,44,15.50,24)
	,(118,44,51,42.40,2)
	,(119,45,20,64.80,20)
	,(120,46,18,50.00,12)
	,(121,46,24,3.60,10)
	,(122,46,63,35.10,5)
	,(123,46,75,6.20,6)
	,(124,47,1,14.40,18)
	,(125,47,17,31.20,15)
	,(126,47,43,36.80,15)
	,(127,47,60,27.20,21)
	,(128,47,75,6.20,6)
	,(129,48,56,30.40,4)
	,(130,49,11,16.80,12)
	,(131,49,16,13.90,30)
	,(132,49,69,28.80,15)
	,(133,50,39,14.40,60)
	,(134,50,72,27.80,20)
	,(135,51,2,15.20,40)
	,(136,51,36,15.20,40)
	,(137,51,59,44.00,30)
	,(138,51,62,39.40,15)
	,(139,52,19,7.30,15)
	,(140,52,70,12.00,20)
	,(141,53,66,13.60,30)
	,(142,53,68,10.00,20)
	,(143,54,40,14.70,10)
	,(144,54,56,30.40,20)
	,(145,55,17,31.20,40)
	,(146,55,28,36.40,28)
	,(147,55,43,36.80,12)
	,(148,56,40,14.70,40)
	,(149,56,65,16.80,30)
	,(150,56,68,10.00,15)
	,(151,57,49,16.00,30)
	,(152,57,59,44.00,10)
	,(153,57,71,17.20,2)
	,(154,58,18,50.00,25)
	,(155,58,29,99.00,25)
	,(156,58,39,14.40,30)
	,(157,59,30,20.70,10)
	,(158,59,53,26.20,10)
	,(159,59,54,5.90,5)
	,(160,60,62,39.40,10)
	,(161,60,68,10.00,3)
	,(162,61,69,28.80,1)
	,(163,61,70,12.00,5)
	,(164,62,4,17.60,20)
	,(165,62,6,20.00,30)
	,(166,62,42,11.20,2)
	,(167,62,43,36.80,20)
	,(168,62,71,17.20,3)
	,(169,63,16,13.90,10)
	,(170,63,62,39.40,5)
	,(171,64,42,11.20,6)
	,(172,64,69,28.80,7)
	,(173,65,28,36.40,4)
	,(174,65,43,36.80,24)
	,(175,65,53,26.20,20)
	,(176,65,75,6.20,10)
	,(177,66,36,15.20,12)
	,(178,67,32,25.60,40)
	,(179,67,58,10.60,30)
	,(180,67,62,39.40,25)
	,(181,68,34,11.20,14)
	,(182,68,70,12.00,30)
	,(183,69,41,7.70,10)
	,(184,69,62,39.40,70)
	,(185,70,1,14.40,20)
	,(186,71,41,7.70,20)
	,(187,71,76,14.40,6)
	,(188,72,17,31.20,8)
	,(189,72,28,36.40,14)
	,(190,72,76,14.40,30)
	,(191,73,71,17.20,30)
	,(192,74,35,14.40,10)
	,(193,75,52,5.60,20)
	,(194,76,15,12.40,5)
	,(195,76,25,11.20,4)
	,(196,76,39,14.40,4)
	,(197,77,16,13.90,21)
	,(198,77,35,14.40,70)
	,(199,77,46,9.60,30)
	,(200,77,59,44.00,40)
	,(201,77,63,35.10,80)
	,(202,78,6,20.00,6)
	,(203,78,13,4.80,12)
	,(204,78,14,18.60,9)
	,(205,78,31,10.00,4)
	,(206,78,72,27.80,40)
	,(207,79,4,17.60,24)
	,(208,79,57,15.60,16)
	,(209,79,75,6.20,50)
	,(210,80,2,15.20,25)
	,(211,80,11,16.80,50)
	,(212,80,30,20.70,35)
	,(213,80,58,10.60,30)
	,(214,81,59,44.00,9)
	,(215,81,65,16.80,40)
	,(216,81,68,10.00,10)
	,(217,82,19,7.30,10)
	,(218,82,30,20.70,8)
	,(219,82,38,210.80,20)
	,(220,82,56,30.40,12)
	,(221,83,26,24.90,50)
	,(222,83,72,27.80,25)
	,(223,84,54,5.90,15)
	,(224,85,18,50.00,40)
	,(225,85,42,11.20,10)
	,(226,85,47,7.60,16)
	,(227,86,14,18.60,10)
	,(228,86,21,8.00,10)
	,(229,86,71,17.20,40)
	,(230,87,52,5.60,8)
	,(231,87,68,10.00,10)
	,(232,88,2,15.20,7)
	,(233,88,31,10.00,25)
	,(234,88,32,25.60,6)
	,(235,88,51,42.40,48)
	,(236,89,4,17.60,18)
	,(237,90,23,7.20,40)
	,(238,90,26,24.90,24)
	,(239,90,36,15.20,20)
	,(240,90,37,20.80,28)
	,(241,90,72,27.80,25)
	,(242,91,17,31.20,20)
	,(243,91,30,20.70,15)
	,(244,92,4,17.60,10)
	,(245,92,17,31.20,70)
	,(246,92,62,39.40,28)
	,(247,93,18,50.00,20)
	,(248,93,41,7.70,12)
	,(249,93,43,36.80,40)
	,(250,94,33,2.00,8)
	,(251,94,59,44.00,9)
	,(252,95,2,15.20,24)
	,(253,95,31,10.00,56)
	,(254,95,36,15.20,40)
	,(255,95,55,19.20,40)
	,(256,96,64,26.60,50)
	,(257,96,68,10.00,4)
	,(258,96,76,14.40,15)
	,(259,97,4,17.60,35)
	,(260,97,8,32.00,70)
	,(261,98,8,32.00,70)
	,(262,98,19,7.30,80)
	,(263,98,42,11.20,9)
	,(264,99,17,31.20,36)
	,(265,99,56,30.40,20)
	,(266,100,25,11.20,10)
	,(267,100,39,14.40,50)
	,(268,100,40,14.70,4)
	,(269,100,75,6.20,6)
	,(270,101,1,14.40,15)
	,(271,101,23,7.20,25)
	,(272,102,54,5.90,24)
	,(273,103,50,13.00,15)
	,(274,103,69,28.80,18)
	,(275,104,38,210.80,20)
	,(276,104,41,7.70,13)
	,(277,104,44,15.50,77)
	,(278,104,65,16.80,10)
	,(279,105,24,3.60,10)
	,(280,105,54,5.90,20)
	,(281,106,11,16.80,12)
	,(282,106,38,210.80,50)
	,(283,107,1,14.40,12)
	,(284,107,29,99.00,4)
	,(285,108,24,3.60,25)
	,(286,108,57,15.60,25)
	,(287,109,31,10.00,30)
	,(288,109,55,19.20,12)
	,(289,109,69,28.80,20)
	,(290,110,10,24.80,30)
	,(291,110,26,24.90,16)
	,(292,110,60,27.20,8)
	,(293,111,24,3.60,10)
	,(294,111,34,11.20,10)
	,(295,111,36,15.20,20)
	,(296,112,16,13.90,56)
	,(297,112,31,10.00,70)
	,(298,112,60,27.20,80)
	,(299,113,28,36.40,30)
	,(300,113,29,99.00,35)
	,(301,113,38,210.80,10)
	,(302,113,49,16.00,35)
	,(303,113,54,5.90,28)
	,(304,114,39,14.40,54)
	,(305,114,60,27.20,55)
	,(306,115,25,11.20,50)
	,(307,115,51,42.40,20)
	,(308,115,54,5.90,24)
	,(309,116,31,10.00,20)
	,(310,116,75,6.20,12)
	,(311,116,76,14.40,12)
	,(312,117,69,28.80,30)
	,(313,117,71,17.20,5)
	,(314,118,11,16.80,24)
	,(315,119,65,16.80,5)
	,(316,119,77,10.40,5)
	,(317,120,34,11.20,36)
	,(318,120,54,5.90,18)
	,(319,120,65,16.80,15)
	,(320,120,77,10.40,7)
	,(321,121,21,8.00,5)
	,(322,121,28,36.40,13)
	,(323,121,57,15.60,25)
	,(324,121,64,26.60,35)
	,(325,122,29,99.00,20)
	,(326,122,56,30.40,18)
	,(327,123,1,14.40,15)
	,(328,123,64,26.60,30)
	,(329,123,74,8.00,20)
	,(330,124,36,15.20,6)
	,(331,125,20,64.80,12)
	,(332,125,38,210.80,40)
	,(333,125,60,27.20,70)
	,(334,125,72,27.80,42)
	,(335,126,58,10.60,80)
	,(336,126,71,17.20,50)
	,(337,127,31,10.00,30)
	,(338,127,58,10.60,15)
	,(339,128,14,18.60,15)
	,(340,128,54,5.90,10)
	,(341,129,31,10.00,42)
	,(342,130,28,36.40,20)
	,(343,130,39,14.40,20)
	,(344,131,71,17.20,6)
	,(345,132,41,7.70,8)
	,(346,132,63,35.10,16)
	,(347,132,65,16.80,20)
	,(348,133,30,20.70,18)
	,(349,133,53,26.20,20)
	,(350,133,60,27.20,6)
	,(351,133,70,12.00,30)
	,(352,134,74,8.00,14)
	,(353,135,5,17.00,32)
	,(354,135,18,50.00,9)
	,(355,135,29,99.00,14)
	,(356,135,33,2.00,60)
	,(357,135,74,8.00,50)
	,(358,136,13,4.80,20)
	,(359,136,50,13.00,15)
	,(360,136,56,30.40,20)
	,(361,137,20,64.80,28)
	,(362,137,60,27.20,15)
	,(363,138,7,24.00,10)
	,(364,138,60,27.20,20)
	,(365,138,68,10.00,8)
	,(366,139,24,3.60,15)
	,(367,139,34,11.20,10)
	,(368,140,24,3.60,15)
	,(369,140,28,36.40,6)
	,(370,140,59,44.00,12)
	,(371,140,71,17.20,15)
	,(372,141,45,7.60,15)
	,(373,141,52,5.60,20)
	,(374,141,53,26.20,40)
	,(375,142,10,24.80,16)
	,(376,142,55,19.20,15)
	,(377,142,62,39.40,20)
	,(378,142,70,12.00,30)
	,(379,143,31,10.00,60)
	,(380,143,35,14.40,40)
	,(381,143,46,9.60,45)
	,(382,143,72,27.80,24)
	,(383,144,13,4.80,18)
	,(384,145,69,28.80,50)
	,(385,146,2,15.20,25)
	,(386,146,14,18.60,42)
	,(387,146,25,11.20,7)
	,(388,146,26,24.90,70)
	,(389,146,31,10.00,32)
	,(390,147,13,4.80,10)
	,(391,147,62,39.40,10)
	,(392,148,46,9.60,28)
	,(393,148,53,26.20,70)
	,(394,148,69,28.80,8)
	,(395,149,23,7.20,40)
	,(396,149,71,17.20,60)
	,(397,149,72,27.80,21)
	,(398,150,21,8.00,10)
	,(399,150,51,42.40,18)
	,(400,151,35,14.40,30)
	,(401,151,55,19.20,120)
	,(402,152,68,10.00,60)
	,(403,152,71,17.20,30)
	,(404,152,76,14.40,35)
	,(405,152,77,10.40,14)
	,(406,153,29,99.00,21)
	,(407,153,35,14.40,35)
	,(408,153,49,16.00,30)
	,(409,154,30,20.70,18)
	,(410,154,56,30.40,70)
	,(411,154,65,16.80,20)
	,(412,154,71,17.20,60)
	,(413,155,23,7.20,60)
	,(414,155,63,35.10,65)
	,(415,156,16,13.90,21)
	,(416,156,48,10.20,70)
	,(417,157,26,24.90,30)
	,(418,157,42,11.20,40)
	,(419,157,49,16.00,30)
	,(420,158,3,8.00,50)
	,(421,159,1,14.40,10)
	,(422,159,21,8.00,30)
	,(423,159,28,36.40,42)
	,(424,159,36,15.20,5)
	,(425,159,40,14.70,2)
	,(426,160,11,16.80,30)
	,(427,160,69,28.80,15)
	,(428,160,71,17.20,15)
	,(429,161,37,20.80,10)
	,(430,161,54,5.90,6)
	,(431,161,62,39.40,35)
	,(432,162,14,18.60,12)
	,(433,162,21,8.00,12)
	,(434,163,33,2.00,49)
	,(435,163,59,44.00,16)
	,(436,164,41,7.70,25)
	,(437,164,44,15.50,40)
	,(438,164,59,44.00,9)
	,(439,165,14,18.60,20)
	,(440,166,1,14.40,24)
	,(441,166,62,39.40,40)
	,(442,166,76,14.40,14)
	,(443,167,19,7.30,18)
	,(444,167,33,2.00,50)
	,(445,168,17,31.20,2)
	,(446,168,33,2.00,20)
	,(447,169,19,7.30,20)
	,(448,169,53,26.20,10)
	,(449,169,57,15.60,20)
	,(450,170,38,210.80,50)
	,(451,170,46,9.60,2)
	,(452,170,68,10.00,36)
	,(453,170,77,10.40,35)
	,(454,171,2,15.20,60)
	,(455,171,47,7.60,55)
	,(456,171,61,22.80,16)
	,(457,171,74,8.00,15)
	,(458,172,60,27.20,60)
	,(459,172,69,28.80,20)
	,(460,173,9,77.60,20)
	,(461,173,13,4.80,2)
	,(462,173,70,12.00,8)
	,(463,173,73,12.00,20)
	,(464,174,19,7.30,4)
	,(465,174,26,24.90,30)
	,(466,174,53,26.20,15)
	,(467,174,77,10.40,10)
	,(468,175,26,24.90,2)
	,(469,176,31,10.00,14)
	,(470,176,59,44.00,20)
	,(471,177,35,14.40,60)
	,(472,177,38,210.80,49)
	,(473,177,68,10.00,30)
	,(474,178,55,19.20,10)
	,(475,178,76,14.40,20)
	,(476,179,56,30.40,5)
	,(477,179,64,26.60,7)
	,(478,180,14,18.60,35)
	,(479,181,46,9.60,20)
	,(480,182,50,13.00,40)
	,(481,182,63,35.10,35)
	,(482,183,17,31.20,45)
	,(483,183,21,8.00,50)
	,(484,183,56,30.40,30)
	,(485,183,59,44.00,70)
	,(486,184,17,31.20,50)
	,(487,184,40,14.70,50)
	,(488,184,47,7.60,30)
	,(489,185,26,24.90,10)
	,(490,185,54,5.90,40)
	,(491,186,56,30.40,28)
	,(492,187,11,16.80,6)
	,(493,187,76,14.40,18)
	,(494,188,2,15.20,10)
	,(495,188,22,16.80,12)
	,(496,188,72,27.80,10)
	,(497,189,46,9.60,5)
	,(498,189,56,30.40,40)
	,(499,189,64,26.60,30)
	,(500,189,75,6.20,24)
	,(501,190,53,26.20,15)
	,(502,191,19,7.30,15)
	,(503,191,34,11.20,20)
	,(504,191,57,15.60,15)
	,(505,192,12,30.40,15)
	,(506,192,16,13.90,16)
	,(507,192,64,26.60,6)
	,(508,192,74,8.00,30)
	,(509,193,2,15.20,45)
	,(510,193,16,13.90,49)
	,(511,193,29,99.00,24)
	,(512,193,61,22.80,90)
	,(513,194,27,35.10,50)
	,(514,195,11,16.80,30)
	,(515,195,54,5.90,80)
	,(516,195,66,13.60,60)
	,(517,196,11,16.80,6)
	,(518,196,28,36.40,12)
	,(519,197,17,31.20,10)
	,(520,197,26,24.90,15)
	,(521,197,35,14.40,8)
	,(522,197,41,7.70,30)
	,(523,198,39,14.40,6)
	,(524,198,54,5.90,15)
	,(525,199,19,7.30,12)
	,(526,199,24,3.60,20)
	,(527,199,31,10.00,3)
	,(528,199,52,5.60,15)
	,(529,200,19,7.30,40)
	,(530,200,65,16.80,35)
	,(531,200,71,17.20,2)
	,(532,201,26,24.90,6)
	,(533,201,40,14.70,20)
	,(534,202,10,24.80,14)
	,(535,202,52,5.60,20)
	,(536,202,62,39.40,35)
	,(537,203,10,24.80,20)
	,(538,203,54,5.90,6)
	,(539,204,55,19.20,120)
	,(540,204,64,26.60,35)
	,(541,204,65,16.80,28)
	,(542,204,77,10.40,55)
	,(543,205,28,36.40,15)
	,(544,205,44,15.50,100)
	,(545,206,48,10.20,15)
	,(546,206,70,12.00,25)
	,(547,207,16,13.90,20)
	,(548,207,33,2.00,20)
	,(549,207,46,9.60,10)
	,(550,208,39,14.40,20)
	,(551,208,53,26.20,50)
	,(552,208,61,22.80,25)
	,(553,208,71,17.20,30)
	,(554,209,21,8.00,40)
	,(555,209,49,16.00,21)
	,(556,210,59,44.00,36)
	,(557,211,26,24.90,30)
	,(558,211,28,36.40,30)
	,(559,211,43,36.80,20)
	,(560,211,56,30.40,15)
	,(561,211,71,17.20,50)
	,(562,212,7,24.00,16)
	,(563,212,46,9.60,20)
	,(564,212,72,27.80,40)
	,(565,213,68,10.00,21)
	,(566,213,75,6.20,4)
	,(567,214,21,8.00,40)
	,(568,214,30,20.70,28)
	,(569,214,55,19.20,60)
	,(570,215,13,4.80,1)
	,(571,215,23,7.20,21)
	,(572,216,19,7.30,21)
	,(573,216,42,11.20,50)
	,(574,217,4,17.60,16)
	,(575,217,43,36.80,3)
	,(576,217,56,30.40,30)
	,(577,217,60,27.20,20)
	,(578,218,24,3.60,25)
	,(579,218,29,99.00,18)
	,(580,218,40,14.70,20)
	,(581,218,45,7.60,30)
	,(582,218,50,13.00,25)
	,(583,219,11,16.80,10)
	,(584,219,46,9.60,5)
	,(585,220,24,3.60,28)
	,(586,220,25,11.20,12)
	,(587,221,30,20.70,8)
	,(588,221,43,36.80,15)
	,(589,222,2,15.20,40)
	,(590,222,16,13.90,35)
	,(591,222,44,15.50,2)
	,(592,223,18,50.00,30)
	,(593,223,23,7.20,15)
	,(594,223,64,26.60,8)
	,(595,224,7,24.00,30)
	,(596,224,56,30.40,20)
	,(597,225,24,3.60,80)
	,(598,225,51,42.40,18)
	,(599,226,33,2.00,12)
	,(600,226,71,17.20,12)
	,(601,227,14,18.60,12)
	,(602,227,28,36.40,18)
	,(603,227,40,14.70,21)
	,(604,227,75,6.20,10)
	,(605,228,31,10.00,35)
	,(606,228,66,13.60,60)
	,(607,228,76,14.40,42)
	,(608,229,55,19.20,2)
	,(609,229,70,12.00,12)
	,(610,230,1,14.40,15)
	,(611,230,21,8.00,21)
	,(612,230,39,14.40,20)
	,(613,231,10,24.80,20)
	,(614,232,38,210.80,30)
	,(615,232,53,26.20,28)
	,(616,232,59,44.00,60)
	,(617,232,64,26.60,30)
	,(618,233,47,7.60,30)
	,(619,233,59,44.00,12)
	,(620,234,49,16.00,24)
	,(621,234,60,27.20,40)
	,(622,235,40,14.70,10)
	,(623,236,34,11.20,35)
	,(624,236,77,10.40,30)
	,(625,237,21,8.00,14)
	,(626,237,40,14.70,10)
	,(627,237,51,42.40,3)
	,(628,238,2,15.20,20)
	,(629,238,3,8.00,20)
	,(630,238,55,19.20,30)
	,(631,238,70,12.00,60)
	,(632,239,11,16.80,5)
	,(633,239,51,42.40,25)
	,(634,239,74,8.00,16)
	,(635,240,19,7.30,5)
	,(636,240,26,24.90,30)
	,(637,240,54,5.90,24)
	,(638,241,59,44.00,30)
	,(639,241,73,12.00,20)
	,(640,242,11,16.80,15)
	,(641,242,16,13.90,18)
	,(642,243,59,44.00,60)
	,(643,243,68,10.00,30)
	,(644,243,75,6.20,36)
	,(645,244,44,15.50,15)
	,(646,244,77,10.40,7)
	,(647,245,25,11.20,60)
	,(648,245,42,11.20,20)
	,(649,246,65,16.80,15)
	,(650,246,66,13.60,10)
	,(651,246,69,28.80,10)
	,(652,247,56,30.40,30)
	,(653,248,23,7.20,10)
	,(654,248,41,7.70,20)
	,(655,248,77,10.40,5)
	,(656,249,31,10.00,20)
	,(657,250,56,30.40,14)
	,(658,250,72,27.80,25)
	,(659,250,77,10.40,25)
	,(660,251,24,4.50,14)
	,(661,251,40,18.40,5)
	,(662,251,42,14.00,30)
	,(663,252,28,45.60,20)
	,(664,252,49,20.00,25)
	,(665,253,15,15.50,12)
	,(666,253,28,45.60,8)
	,(667,254,54,7.45,20)
	,(668,255,45,9.50,21)
	,(669,255,53,32.80,6)
	,(670,255,67,14.00,30)
	,(671,256,14,23.25,70)
	,(672,256,65,21.05,20)
	,(673,257,2,19.00,12)
	,(674,257,21,10.00,12)
	,(675,257,53,32.80,10)
	,(676,257,61,28.50,25)
	,(677,258,62,49.30,3)
	,(678,259,25,14.00,18)
	,(679,259,70,15.00,14)
	,(680,260,43,46.00,15)
	,(681,260,48,12.75,15)
	,(682,261,13,6.00,10)
	,(683,261,39,18.00,10)
	,(684,262,28,45.60,3)
	,(685,263,29,123.79,36)
	,(686,263,75,7.75,36)
	,(687,264,4,22.00,50)
	,(688,264,7,30.00,50)
	,(689,264,8,40.00,10)
	,(690,265,24,4.50,10)
	,(691,265,46,12.00,9)
	,(692,265,47,9.50,6)
	,(693,265,60,34.00,12)
	,(694,266,21,10.00,40)
	,(695,266,32,32.00,50)
	,(696,266,61,28.50,15)
	,(697,267,20,81.00,39)
	,(698,267,28,45.60,35)
	,(699,267,56,38.00,70)
	,(700,267,65,21.05,39)
	,(701,267,75,7.75,50)
	,(702,268,9,97.00,16)
	,(703,268,16,17.45,50)
	,(704,268,27,43.90,120)
	,(705,268,33,2.50,16)
	,(706,268,60,34.00,84)
	,(707,269,18,62.50,25)
	,(708,269,41,9.65,80)
	,(709,269,42,14.00,20)
	,(710,270,52,7.00,6)
	,(711,270,59,55.00,4)
	,(712,270,70,15.00,6)
	,(713,271,24,4.50,5)
	,(714,271,38,263.50,15)
	,(715,271,44,19.45,9)
	,(716,272,10,31.00,16)
	,(717,272,56,38.00,40)
	,(718,272,60,34.00,10)
	,(719,273,24,4.50,8)
	,(720,273,53,32.80,5)
	,(721,274,35,18.00,3)
	,(722,274,41,9.65,10)
	,(723,274,68,12.50,6)
	,(724,275,1,18.00,40)
	,(725,275,8,40.00,24)
	,(726,275,30,25.89,20)
	,(727,275,40,18.40,25)
	,(728,276,17,39.00,25)
	,(729,276,20,81.00,15)
	,(730,276,37,26.00,18)
	,(731,276,41,9.65,6)
	,(732,277,10,31.00,2)
	,(733,277,30,25.89,10)
	,(734,277,43,46.00,60)
	,(735,277,54,7.45,15)
	,(736,278,36,19.00,30)
	,(737,278,40,18.40,15)
	,(738,279,1,18.00,8)
	,(739,279,13,6.00,10)
	,(740,279,56,38.00,30)
	,(741,280,4,22.00,50)
	,(742,280,36,19.00,30)
	,(743,281,11,21.00,3)
	,(744,281,33,2.50,8)
	,(745,281,72,34.80,9)
	,(746,282,55,24.00,14)
	,(747,282,68,12.50,20)
	,(748,282,69,36.00,10)
	,(749,283,17,39.00,40)
	,(750,283,43,46.00,25)
	,(751,283,61,28.50,20)
	,(752,283,76,18.00,50)
	,(753,284,59,55.00,2)
	,(754,285,30,25.89,15)
	,(755,285,66,17.00,24)
	,(756,286,4,22.00,50)
	,(757,286,72,34.80,24)
	,(758,286,73,15.00,24)
	,(759,287,30,25.89,10)
	,(760,287,40,18.40,10)
	,(761,287,54,7.45,10)
	,(762,288,11,21.00,50)
	,(763,288,40,18.40,10)
	,(764,288,57,19.50,5)
	,(765,288,59,55.00,15)
	,(766,289,12,38.00,15)
	,(767,289,31,12.50,20)
	,(768,289,33,2.50,30)
	,(769,289,60,34.00,35)
	,(770,290,31,12.50,30)
	,(771,290,51,53.00,6)
	,(772,290,58,13.25,20)
	,(773,290,72,34.80,21)
	,(774,290,73,15.00,9)
	,(775,291,70,15.00,7)
	,(776,291,72,34.80,1)
	,(777,292,13,6.00,8)
	,(778,292,21,10.00,15)
	,(779,292,33,2.50,15)
	,(780,292,49,20.00,6)
	,(781,293,3,10.00,60)
	,(782,293,26,31.23,40)
	,(783,293,38,263.50,30)
	,(784,293,68,12.50,35)
	,(785,294,24,4.50,35)
	,(786,294,38,263.50,4)
	,(787,294,65,21.05,36)
	,(788,294,71,21.50,9)
	,(789,295,11,21.00,15)
	,(790,295,54,7.45,24)
	,(791,296,12,38.00,30)
	,(792,296,23,9.00,70)
	,(793,297,28,45.60,7)
	,(794,297,67,14.00,7)
	,(795,298,11,21.00,10)
	,(796,299,7,30.00,10)
	,(797,299,35,18.00,30)
	,(798,299,62,49.30,40)
	,(799,300,32,32.00,24)
	,(800,300,36,19.00,60)
	,(801,301,34,14.00,10)
	,(802,301,41,9.65,14)
	,(803,302,31,12.50,55)
	,(804,302,45,9.50,100)
	,(805,302,51,53.00,48)
	,(806,303,17,39.00,8)
	,(807,303,19,9.20,10)
	,(808,303,21,10.00,6)
	,(809,303,61,28.50,10)
	,(810,304,16,17.45,40)
	,(811,304,35,18.00,20)
	,(812,304,44,19.45,40)
	,(813,305,69,36.00,18)
	,(814,305,75,7.75,30)
	,(815,306,11,21.00,15)
	,(816,306,16,17.45,14)
	,(817,306,22,21.00,24)
	,(818,306,31,12.50,30)
	,(819,306,35,18.00,6)
	,(820,307,16,17.45,30)
	,(821,307,23,9.00,20)
	,(822,307,62,49.30,20)
	,(823,307,77,13.00,10)
	,(824,308,14,23.25,30)
	,(825,308,19,9.20,35)
	,(826,308,24,4.50,18)
	,(827,308,51,53.00,20)
	,(828,308,56,38.00,40)
	,(829,309,72,34.80,24)
	,(830,310,64,33.25,30)
	,(831,310,75,7.75,20)
	,(832,311,47,9.50,25)
	,(833,311,51,53.00,20)
	,(834,311,52,7.00,30)
	,(835,311,53,32.80,18)
	,(836,311,73,15.00,3)
	,(837,312,41,9.65,12)
	,(838,312,55,24.00,18)
	,(839,313,30,25.89,20)
	,(840,313,62,49.30,15)
	,(841,314,44,19.45,10)
	,(842,314,51,53.00,50)
	,(843,315,33,2.50,20)
	,(844,315,62,49.30,10)
	,(845,316,36,19.00,25)
	,(846,316,52,7.00,70)
	,(847,317,17,39.00,16)
	,(848,317,31,12.50,6)
	,(849,317,55,24.00,25)
	,(850,318,24,4.50,25)
	,(851,318,64,33.25,18)
	,(852,319,11,21.00,35)
	,(853,319,18,62.50,18)
	,(854,319,76,18.00,10)
	,(855,320,31,12.50,60)
	,(856,320,51,53.00,3)
	,(857,320,59,55.00,40)
	,(858,321,10,31.00,5)
	,(859,322,31,12.50,35)
	,(860,322,76,18.00,30)
	,(861,323,11,21.00,15)
	,(862,323,56,38.00,60)
	,(863,324,14,23.25,11)
	,(864,324,42,14.00,28)
	,(865,325,16,17.45,12)
	,(866,325,32,32.00,10)
	,(867,325,40,18.40,50)
	,(868,325,75,7.75,15)
	,(869,326,17,39.00,18)
	,(870,326,34,14.00,40)
	,(871,326,53,32.80,25)
	,(872,327,33,2.50,14)
	,(873,327,40,18.40,2)
	,(874,327,62,49.30,10)
	,(875,327,64,33.25,6)
	,(876,328,59,55.00,12)
	,(877,328,63,43.90,6)
	,(878,328,72,34.80,30)
	,(879,328,76,18.00,10)
	,(880,329,1,18.00,10)
	,(881,329,31,12.50,20)
	,(882,329,44,19.45,21)
	,(883,330,39,18.00,10)
	,(884,330,75,7.75,20)
	,(885,330,77,13.00,18)
	,(886,331,35,18.00,20)
	,(887,331,57,19.50,6)
	,(888,332,15,15.50,10)
	,(889,332,75,7.75,21)
	,(890,333,14,23.25,15)
	,(891,333,41,9.65,9)
	,(892,333,65,21.05,30)
	,(893,334,75,7.75,50)
	,(894,335,57,19.50,4)
	,(895,335,76,18.00,14)
	,(896,336,29,123.79,10)
	,(897,336,60,34.00,24)
	,(898,336,69,36.00,10)
	,(899,337,31,12.50,50)
	,(900,338,47,9.50,15)
	,(901,339,52,7.00,4)
	,(902,340,26,31.23,6)
	,(903,340,35,18.00,20)
	,(904,340,77,13.00,20)
	,(905,341,18,62.50,40)
	,(906,341,42,14.00,100)
	,(907,342,35,18.00,4)
	,(908,343,1,18.00,20)
	,(909,343,77,13.00,60)
	,(910,344,3,10.00,14)
	,(911,344,7,30.00,10)
	,(912,344,54,7.45,50)
	,(913,345,15,15.50,25)
	,(914,345,26,31.23,5)
	,(915,346,20,81.00,21)
	,(916,346,69,36.00,20)
	,(917,346,76,18.00,4)
	,(918,347,52,7.00,24)
	,(919,347,58,13.25,30)
	,(920,348,35,18.00,30)
	,(921,348,61,28.50,120)
	,(922,348,69,36.00,65)
	,(923,349,56,38.00,5)
	,(924,349,63,43.90,24)
	,(925,349,75,7.75,30)
	,(926,350,24,4.50,35)
	,(927,350,57,19.50,20)
	,(928,350,65,21.05,12)
	,(929,351,27,43.90,50)
	,(930,351,71,21.50,9)
	,(931,352,62,49.30,10)
	,(932,353,54,7.45,4)
	,(933,353,73,15.00,30)
	,(934,354,13,6.00,60)
	,(935,354,59,55.00,35)
	,(936,355,77,13.00,5)
	,(937,356,22,21.00,48)
	,(938,356,49,20.00,25)
	,(939,357,48,12.75,6)
	,(940,357,76,18.00,10)
	,(941,358,16,17.45,30)
	,(942,358,59,55.00,20)
	,(943,358,60,34.00,70)
	,(944,358,71,21.50,15)
	,(945,359,4,22.00,20)
	,(946,359,55,24.00,20)
	,(947,359,62,49.30,10)
	,(948,360,7,30.00,45)
	,(949,360,17,39.00,100)
	,(950,360,33,2.50,14)
	,(951,360,40,18.40,42)
	,(952,360,72,34.80,12)
	,(953,361,56,38.00,28)
	,(954,362,1,18.00,3)
	,(955,362,10,31.00,10)
	,(956,362,21,10.00,6)
	,(957,363,36,19.00,21)
	,(958,364,1,18.00,6)
	,(959,364,2,19.00,10)
	,(960,364,60,34.00,15)
	,(961,365,10,31.00,70)
	,(962,365,36,19.00,55)
	,(963,365,49,20.00,18)
	,(964,365,60,34.00,40)
	,(965,365,76,18.00,80)
	,(966,366,13,6.00,8)
	,(967,366,75,7.75,40)
	,(968,367,11,21.00,14)
	,(969,367,21,10.00,8)
	,(970,367,39,18.00,5)
	,(971,368,55,24.00,5)
	,(972,369,38,263.50,15)
	,(973,369,56,38.00,14)
	,(974,369,70,15.00,15)
	,(975,369,71,21.50,15)
	,(976,370,59,55.00,30)
	,(977,371,6,25.00,70)
	,(978,371,56,38.00,20)
	,(979,371,68,12.50,15)
	,(980,372,21,10.00,42)
	,(981,372,22,21.00,40)
	,(982,373,24,4.50,5)
	,(983,373,52,7.00,5)
	,(984,374,19,9.20,5)
	,(985,374,23,9.00,10)
	,(986,374,70,15.00,20)
	,(987,374,71,21.50,15)
	,(988,375,2,19.00,20)
	,(989,375,68,12.50,18)
	,(990,376,14,23.25,21)
	,(991,376,19,9.20,15)
	,(992,376,21,10.00,25)
	,(993,376,24,4.50,3)
	,(994,376,35,18.00,30)
	,(995,377,28,45.60,10)
	,(996,377,29,123.79,6)
	,(997,377,44,19.45,10)
	,(998,378,14,23.25,3)
	,(999,378,42,14.00,5)
	,(1000,378,60,34.00,10)
	,(1001,379,53,32.80,12)
	,(1002,379,60,34.00,20)
	,(1003,379,71,21.50,20)
	,(1004,380,62,49.30,15)
	,(1005,380,73,15.00,35)
	,(1006,381,1,18.00,25)
	,(1007,382,29,123.79,20)
	,(1008,382,64,33.25,9)
	,(1009,383,55,24.00,12)
	,(1010,383,76,18.00,35)
	,(1011,384,75,7.75,8)
	,(1012,385,2,19.00,30)
	,(1013,385,33,2.50,20)
	,(1014,386,12,38.00,36)
	,(1015,386,13,6.00,13)
	,(1016,386,26,31.23,35)
	,(1017,386,62,49.30,80)
	,(1018,387,7,30.00,35)
	,(1019,387,18,62.50,50)
	,(1020,387,51,53.00,15)
	,(1021,387,75,7.75,2)
	,(1022,388,4,22.00,10)
	,(1023,388,5,21.35,15)
	,(1024,388,22,21.00,40)
	,(1025,389,4,22.00,25)
	,(1026,389,58,13.25,6)
	,(1027,390,11,21.00,10)
	,(1028,390,50,16.25,25)
	,(1029,390,56,38.00,60)
	,(1030,391,45,9.50,20)
	,(1031,391,65,21.05,21)
	,(1032,391,72,34.80,60)
	,(1033,392,18,62.50,8)
	,(1034,393,69,36.00,20)
	,(1035,393,70,15.00,15)
	,(1036,394,2,19.00,50)
	,(1037,394,40,18.40,60)
	,(1038,395,21,10.00,30)
	,(1039,395,61,28.50,20)
	,(1040,396,28,45.60,15)
	,(1041,396,39,18.00,21)
	,(1042,396,46,12.00,2)
	,(1043,397,18,62.50,4)
	,(1044,397,43,46.00,20)
	,(1045,397,46,12.00,21)
	,(1046,398,18,62.50,20)
	,(1047,398,36,19.00,15)
	,(1048,399,1,18.00,15)
	,(1049,399,10,31.00,18)
	,(1050,399,71,21.50,30)
	,(1051,399,77,13.00,35)
	,(1052,400,19,9.20,30)
	,(1053,400,39,18.00,20)
	,(1054,401,22,21.00,15)
	,(1055,401,24,4.50,15)
	,(1056,402,28,45.60,20)
	,(1057,402,72,34.80,15)
	,(1058,403,30,25.89,30)
	,(1059,403,53,32.80,25)
	,(1060,403,54,7.45,30)
	,(1061,404,19,9.20,12)
	,(1062,404,22,21.00,20)
	,(1063,405,30,25.89,2)
	,(1064,405,42,14.00,20)
	,(1065,406,16,17.45,30)
	,(1066,406,60,34.00,20)
	,(1067,407,4,22.00,12)
	,(1068,407,39,18.00,20)
	,(1069,407,54,7.45,6)
	,(1070,408,41,9.65,20)
	,(1071,409,14,23.25,3)
	,(1072,409,44,19.45,28)
	,(1073,409,47,9.50,6)
	,(1074,410,15,15.50,50)
	,(1075,410,41,9.65,24)
	,(1076,410,46,12.00,45)
	,(1077,410,47,9.50,10)
	,(1078,410,56,38.00,45)
	,(1079,410,60,34.00,30)
	,(1080,411,21,10.00,60)
	,(1081,411,40,18.40,70)
	,(1082,411,60,34.00,55)
	,(1083,411,77,13.00,70)
	,(1084,412,31,12.50,20)
	,(1085,412,40,18.40,24)
	,(1086,412,70,15.00,40)
	,(1087,413,20,81.00,21)
	,(1088,414,39,18.00,3)
	,(1089,414,58,13.25,49)
	,(1090,415,68,12.50,10)
	,(1091,416,40,18.40,30)
	,(1092,416,42,14.00,30)
	,(1093,416,51,53.00,20)
	,(1094,417,10,31.00,24)
	,(1095,417,56,38.00,12)
	,(1096,417,65,21.05,15)
	,(1097,418,51,53.00,20)
	,(1098,418,59,55.00,1)
	,(1099,418,76,18.00,10)
	,(1100,419,29,123.79,36)
	,(1101,419,65,21.05,10)
	,(1102,420,69,36.00,45)
	,(1103,420,71,21.50,14)
	,(1104,421,31,12.50,8)
	,(1105,421,55,24.00,4)
	,(1106,421,64,33.25,15)
	,(1107,422,36,19.00,30)
	,(1108,423,23,9.00,32)
	,(1109,423,46,12.00,60)
	,(1110,423,67,14.00,25)
	,(1111,423,73,15.00,50)
	,(1112,423,75,7.75,25)
	,(1113,424,16,17.45,10)
	,(1114,424,62,49.30,10)
	,(1115,424,65,21.05,12)
	,(1116,425,38,263.50,15)
	,(1117,425,71,21.50,12)
	,(1118,426,16,17.45,3)
	,(1119,426,42,14.00,6)
	,(1120,426,43,46.00,6)
	,(1121,427,23,9.00,5)
	,(1122,428,14,23.25,30)
	,(1123,428,53,32.80,10)
	,(1124,428,58,13.25,30)
	,(1125,429,10,31.00,2)
	,(1126,429,19,9.20,7)
	,(1127,429,44,19.45,21)
	,(1128,430,26,31.23,30)
	,(1129,430,33,2.50,8)
	,(1130,431,12,38.00,100)
	,(1131,431,33,2.50,30)
	,(1132,431,41,9.65,120)
	,(1133,431,54,7.45,30)
	,(1134,432,59,55.00,12)
	,(1135,433,16,17.45,50)
	,(1136,433,31,12.50,20)
	,(1137,433,42,14.00,40)
	,(1138,434,19,9.20,30)
	,(1139,434,21,10.00,12)
	,(1140,434,64,33.25,28)
	,(1141,435,33,2.50,30)
	,(1142,435,66,17.00,4)
	,(1143,435,75,7.75,30)
	,(1144,436,52,7.00,9)
	,(1145,437,40,18.40,20)
	,(1146,437,47,9.50,40)
	,(1147,437,60,34.00,30)
	,(1148,438,10,31.00,20)
	,(1149,438,41,9.65,4)
	,(1150,438,47,9.50,15)
	,(1151,439,17,39.00,30)
	,(1152,439,26,31.23,15)
	,(1153,440,9,97.00,50)
	,(1154,440,29,123.79,10)
	,(1155,440,36,19.00,6)
	,(1156,441,10,31.00,18)
	,(1157,441,28,45.60,60)
	,(1158,441,34,14.00,14)
	,(1159,442,1,18.00,35)
	,(1160,443,56,38.00,20)
	,(1161,443,77,13.00,30)
	,(1162,444,1,18.00,30)
	,(1163,444,29,123.79,40)
	,(1164,444,43,46.00,40)
	,(1165,444,44,19.45,24)
	,(1166,444,62,49.30,48)
	,(1167,445,63,43.90,20)
	,(1168,446,9,97.00,6)
	,(1169,446,54,7.45,60)
	,(1170,446,69,36.00,30)
	,(1171,446,73,15.00,15)
	,(1172,447,7,30.00,90)
	,(1173,447,59,55.00,25)
	,(1174,447,70,15.00,50)
	,(1175,448,8,40.00,10)
	,(1176,448,12,38.00,4)
	,(1177,448,24,4.50,20)
	,(1178,449,17,39.00,20)
	,(1179,449,46,12.00,18)
	,(1180,450,19,9.20,7)
	,(1181,450,35,18.00,9)
	,(1182,450,58,13.25,30)
	,(1183,450,70,15.00,30)
	,(1184,451,11,21.00,15)
	,(1185,451,17,39.00,8)
	,(1186,451,29,123.79,12)
	,(1187,451,65,21.05,65)
	,(1188,451,70,15.00,8)
	,(1189,452,47,9.50,12)
	,(1190,453,1,18.00,5)
	,(1191,453,34,14.00,12)
	,(1192,453,68,12.50,40)
	,(1193,453,71,21.50,60)
	,(1194,454,59,55.00,42)
	,(1195,454,71,21.50,20)
	,(1196,454,76,18.00,35)
	,(1197,455,3,10.00,6)
	,(1198,455,76,18.00,15)
	,(1199,456,2,19.00,5)
	,(1200,456,59,55.00,35)
	,(1201,456,73,15.00,35)
	,(1202,457,4,22.00,6)
	,(1203,457,24,4.50,35)
	,(1204,457,48,12.75,24)
	,(1205,458,31,12.50,20)
	,(1206,458,32,32.00,4)
	,(1207,459,16,17.45,20)
	,(1208,459,43,46.00,24)
	,(1209,459,59,55.00,8)
	,(1210,460,55,24.00,21)
	,(1211,460,57,19.50,40)
	,(1212,460,70,15.00,28)
	,(1213,461,5,21.35,4)
	,(1214,461,36,19.00,5)
	,(1215,462,8,40.00,40)
	,(1216,462,51,53.00,28)
	,(1217,462,60,34.00,10)
	,(1218,463,19,9.20,5)
	,(1219,463,47,9.50,5)
	,(1220,464,19,9.20,12)
	,(1221,464,41,9.65,42)
	,(1222,464,53,32.80,120)
	,(1223,465,53,32.80,3)
	,(1224,465,56,38.00,30)
	,(1225,466,10,31.00,18)
	,(1226,466,26,31.23,30)
	,(1227,466,45,9.50,110)
	,(1228,466,46,12.00,24)
	,(1229,467,2,19.00,30)
	,(1230,467,17,39.00,27)
	,(1231,467,47,9.50,50)
	,(1232,467,56,38.00,18)
	,(1233,467,58,13.25,12)
	,(1234,468,10,31.00,21)
	,(1235,468,71,21.50,30)
	,(1236,469,21,10.00,5)
	,(1237,469,51,53.00,7)
	,(1238,469,61,28.50,10)
	,(1239,470,21,10.00,32)
	,(1240,470,54,7.45,15)
	,(1241,470,69,36.00,25)
	,(1242,471,12,38.00,36)
	,(1243,471,16,17.45,20)
	,(1244,471,36,19.00,40)
	,(1245,471,62,49.30,20)
	,(1246,472,18,62.50,12)
	,(1247,472,30,25.89,3)
	,(1248,472,54,7.45,40)
	,(1249,473,35,18.00,21)
	,(1250,473,71,21.50,8)
	,(1251,474,44,19.45,50)
	,(1252,475,2,19.00,3)
	,(1253,475,31,12.50,50)
	,(1254,475,68,12.50,45)
	,(1255,475,75,7.75,42)
	,(1256,476,26,31.23,15)
	,(1257,477,10,31.00,16)
	,(1258,477,61,28.50,5)
	,(1259,478,41,9.65,12)
	,(1260,478,52,7.00,4)
	,(1261,478,55,24.00,6)
	,(1262,479,4,22.00,25)
	,(1263,479,11,21.00,5)
	,(1264,480,17,39.00,20)
	,(1265,480,56,38.00,10)
	,(1266,480,59,55.00,10)
	,(1267,481,30,25.89,15)
	,(1268,481,40,18.40,6)
	,(1269,481,55,24.00,12)
	,(1270,481,60,34.00,15)
	,(1271,482,1,18.00,50)
	,(1272,482,21,10.00,30)
	,(1273,482,50,16.25,40)
	,(1274,483,16,17.45,15)
	,(1275,483,31,12.50,3)
	,(1276,483,65,21.05,10)
	,(1277,484,21,10.00,40)
	,(1278,484,51,53.00,30)
	,(1279,485,76,18.00,20)
	,(1280,486,14,23.25,16)
	,(1281,486,28,45.60,20)
	,(1282,486,52,7.00,25)
	,(1283,487,6,25.00,30)
	,(1284,487,30,25.89,15)
	,(1285,487,76,18.00,20)
	,(1286,488,61,28.50,20)
	,(1287,488,77,13.00,2)
	,(1288,489,65,21.05,40)
	,(1289,489,75,7.75,20)
	,(1290,490,13,6.00,4)
	,(1291,490,41,9.65,12)
	,(1292,491,16,17.45,3)
	,(1293,492,36,19.00,6)
	,(1294,492,52,7.00,18)
	,(1295,493,28,45.60,5)
	,(1296,493,35,18.00,35)
	,(1297,493,45,9.50,40)
	,(1298,493,56,38.00,14)
	,(1299,494,2,19.00,15)
	,(1300,495,3,10.00,20)
	,(1301,495,60,34.00,50)
	,(1302,495,72,34.80,35)
	,(1303,496,46,12.00,28)
	,(1304,497,40,18.40,50)
	,(1305,498,18,62.50,24)
	,(1306,498,44,19.45,16)
	,(1307,498,59,55.00,45)
	,(1308,498,72,34.80,7)
	,(1309,499,13,6.00,6)
	,(1310,499,42,14.00,28)
	,(1311,499,62,49.30,9)
	,(1312,499,69,36.00,40)
	,(1313,500,31,12.50,8)
	,(1314,500,41,9.65,35)
	,(1315,500,63,43.90,9)
	,(1316,500,69,36.00,30)
	,(1317,501,23,9.00,44)
	,(1318,501,40,18.40,40)
	,(1319,501,56,38.00,28)
	,(1320,502,56,38.00,15)
	,(1321,502,59,55.00,6)
	,(1322,502,76,18.00,10)
	,(1323,503,14,23.25,5)
	,(1324,503,45,9.50,40)
	,(1325,503,59,55.00,25)
	,(1326,504,26,31.23,12)
	,(1327,504,30,25.89,30)
	,(1328,504,50,16.25,20)
	,(1329,504,73,15.00,15)
	,(1330,505,1,18.00,8)
	,(1331,505,69,36.00,3)
	,(1332,506,45,9.50,4)
	,(1333,506,74,10.00,5)
	,(1334,507,40,18.40,3)
	,(1335,508,47,9.50,30)
	,(1336,508,56,38.00,30)
	,(1337,508,57,19.50,14)
	,(1338,508,69,36.00,25)
	,(1339,509,18,62.50,21)
	,(1340,509,36,19.00,20)
	,(1341,509,68,12.50,6)
	,(1342,509,69,36.00,20)
	,(1343,510,34,14.00,30)
	,(1344,510,59,55.00,7)
	,(1345,510,62,49.30,30)
	,(1346,510,64,33.25,24)
	,(1347,511,26,31.23,20)
	,(1348,511,52,7.00,60)
	,(1349,511,70,15.00,40)
	,(1350,512,32,32.00,10)
	,(1351,513,25,14.00,12)
	,(1352,513,27,43.90,40)
	,(1353,513,43,46.00,30)
	,(1354,514,25,14.00,35)
	,(1355,514,75,7.75,18)
	,(1356,515,39,18.00,16)
	,(1357,515,47,9.50,30)
	,(1358,515,51,53.00,28)
	,(1359,515,56,38.00,60)
	,(1360,516,21,10.00,40)
	,(1361,516,22,21.00,6)
	,(1362,516,24,4.50,20)
	,(1363,517,3,10.00,20)
	,(1364,517,39,18.00,130)
	,(1365,518,65,21.05,80)
	,(1366,519,2,19.00,40)
	,(1367,519,7,30.00,35)
	,(1368,519,68,12.50,40)
	,(1369,520,42,14.00,2)
	,(1370,521,22,21.00,4)
	,(1371,521,31,12.50,50)
	,(1372,521,60,34.00,15)
	,(1373,521,71,21.50,12)
	,(1374,522,41,9.65,30)
	,(1375,522,52,7.00,15)
	,(1376,522,61,28.50,20)
	,(1377,522,62,49.30,15)
	,(1378,523,11,21.00,15)
	,(1379,524,71,21.50,16)
	,(1380,525,29,123.79,18)
	,(1381,525,59,55.00,25)
	,(1382,526,17,39.00,33)
	,(1383,526,31,12.50,70)
	,(1384,526,75,7.75,7)
	,(1385,527,31,12.50,2)
	,(1386,527,66,17.00,50)
	,(1387,528,10,31.00,6)
	,(1388,528,67,14.00,3)
	,(1389,529,31,12.50,16)
	,(1390,529,42,14.00,12)
	,(1391,529,45,9.50,27)
	,(1392,529,51,53.00,120)
	,(1393,530,42,14.00,20)
	,(1394,531,41,9.65,10)
	,(1395,532,16,17.45,20)
	,(1396,532,62,49.30,20)
	,(1397,533,70,15.00,35)
	,(1398,533,77,13.00,15)
	,(1399,534,54,7.45,3)
	,(1400,534,56,38.00,20)
	,(1401,534,74,10.00,35)
	,(1402,535,31,12.50,1)
	,(1403,536,31,12.50,10)
	,(1404,536,38,263.50,5)
	,(1405,537,36,19.00,30)
	,(1406,537,39,18.00,2)
	,(1407,537,72,34.80,30)
	,(1408,538,10,31.00,10)
	,(1409,538,75,7.75,10)
	,(1410,539,8,40.00,30)
	,(1411,539,30,25.89,15)
	,(1412,539,75,7.75,42)
	,(1413,540,2,19.00,15)
	,(1414,540,29,123.79,20)
	,(1415,541,19,9.20,50)
	,(1416,541,75,7.75,40)
	,(1417,542,18,62.50,30)
	,(1418,542,35,18.00,15)
	,(1419,542,63,43.90,30)
	,(1420,542,68,12.50,18)
	,(1421,543,7,30.00,3)
	,(1422,543,56,38.00,20)
	,(1423,544,29,123.79,14)
	,(1424,544,41,9.65,20)
	,(1425,545,2,19.00,10)
	,(1426,545,54,7.45,3)
	,(1427,545,68,12.50,15)
	,(1428,546,41,9.65,14)
	,(1429,546,52,7.00,8)
	,(1430,547,14,23.25,15)
	,(1431,547,54,7.45,6)
	,(1432,548,16,17.45,65)
	,(1433,548,17,39.00,35)
	,(1434,549,26,31.23,21)
	,(1435,549,44,19.45,10)
	,(1436,549,64,33.25,35)
	,(1437,549,69,36.00,24)
	,(1438,550,11,21.00,20)
	,(1439,551,62,49.30,2)
	,(1440,551,72,34.80,10)
	,(1441,552,13,6.00,20)
	,(1442,552,24,4.50,20)
	,(1443,552,59,55.00,25)
	,(1444,553,11,21.00,50)
	,(1445,553,51,53.00,10)
	,(1446,553,54,7.45,7)
	,(1447,554,17,39.00,40)
	,(1448,554,29,123.79,20)
	,(1449,555,30,25.89,25)
	,(1450,555,51,53.00,30)
	,(1451,555,55,24.00,60)
	,(1452,555,62,49.30,5)
	,(1453,556,19,9.20,24)
	,(1454,556,25,14.00,15)
	,(1455,556,59,55.00,15)
	,(1456,557,10,31.00,36)
	,(1457,557,28,45.60,24)
	,(1458,557,49,20.00,4)
	,(1459,558,34,14.00,10)
	,(1460,558,38,263.50,10)
	,(1461,559,2,19.00,20)
	,(1462,559,65,21.05,2)
	,(1463,559,74,10.00,15)
	,(1464,560,40,18.40,1)
	,(1465,561,56,38.00,20)
	,(1466,561,76,18.00,50)
	,(1467,562,52,7.00,20)
	,(1468,563,13,6.00,7)
	,(1469,563,25,14.00,5)
	,(1470,563,70,15.00,5)
	,(1471,564,19,9.20,15)
	,(1472,564,23,9.00,18)
	,(1473,564,40,18.40,30)
	,(1474,565,31,12.50,16)
	,(1475,565,72,34.80,40)
	,(1476,565,77,13.00,20)
	,(1477,566,2,19.00,12)
	,(1478,566,46,12.00,35)
	,(1479,567,41,9.65,20)
	,(1480,567,43,46.00,20)
	,(1481,567,48,12.75,8)
	,(1482,567,61,28.50,30)
	,(1483,568,33,2.50,16)
	,(1484,569,38,263.50,30)
	,(1485,569,62,49.30,20)
	,(1486,570,26,31.23,40)
	,(1487,570,38,263.50,30)
	,(1488,570,40,18.40,60)
	,(1489,570,62,49.30,25)
	,(1490,571,32,32.00,20)
	,(1491,571,41,9.65,20)
	,(1492,572,43,46.00,7)
	,(1493,572,75,7.75,20)
	,(1494,573,56,38.00,30)
	,(1495,574,35,18.00,20)
	,(1496,574,51,53.00,6)
	,(1497,575,62,49.30,3)
	,(1498,575,70,15.00,6)
	,(1499,576,11,21.00,20)
	,(1500,576,57,19.50,15)
	,(1501,576,59,55.00,40)
	,(1502,576,77,13.00,15)
	,(1503,577,41,9.65,12)
	,(1504,577,70,15.00,9)
	,(1505,578,26,31.23,12)
	,(1506,578,53,32.80,20)
	,(1507,579,31,12.50,35)
	,(1508,579,57,19.50,15)
	,(1509,580,10,31.00,15)
	,(1510,580,39,18.00,21)
	,(1511,581,20,81.00,5)
	,(1512,581,38,263.50,2)
	,(1513,582,2,19.00,10)
	,(1514,582,8,40.00,20)
	,(1515,582,13,6.00,10)
	,(1516,582,60,34.00,21)
	,(1517,583,6,25.00,6)
	,(1518,583,39,18.00,28)
	,(1519,583,60,34.00,30)
	,(1520,583,68,12.50,24)
	,(1521,584,19,9.20,2)
	,(1522,584,35,18.00,8)
	,(1523,584,38,263.50,8)
	,(1524,584,43,46.00,9)
	,(1525,585,13,6.00,3)
	,(1526,585,25,14.00,10)
	,(1527,585,44,19.45,16)
	,(1528,585,64,33.25,3)
	,(1529,586,7,30.00,20)
	,(1530,586,31,12.50,9)
	,(1531,586,53,32.80,9)
	,(1532,587,29,123.79,8)
	,(1533,587,30,25.89,20)
	,(1534,588,59,55.00,15)
	,(1535,588,77,13.00,2)
	,(1536,589,22,21.00,52)
	,(1537,589,35,18.00,6)
	,(1538,589,57,19.50,24)
	,(1539,589,60,34.00,60)
	,(1540,589,64,33.25,30)
	,(1541,590,13,6.00,6)
	,(1542,590,40,18.40,25)
	,(1543,590,47,9.50,40)
	,(1544,590,76,18.00,21)
	,(1545,591,1,18.00,4)
	,(1546,591,18,62.50,25)
	,(1547,591,36,19.00,50)
	,(1548,592,58,13.25,30)
	,(1549,592,72,34.80,15)
	,(1550,593,25,14.00,6)
	,(1551,593,39,18.00,10)
	,(1552,594,10,31.00,16)
	,(1553,594,56,38.00,30)
	,(1554,594,59,55.00,50)
	,(1555,594,77,13.00,15)
	,(1556,595,11,21.00,15)
	,(1557,595,43,46.00,5)
	,(1558,595,68,12.50,20)
	,(1559,595,70,15.00,12)
	,(1560,596,51,53.00,4)
	,(1561,597,22,21.00,35)
	,(1562,598,23,9.00,70)
	,(1563,598,35,18.00,25)
	,(1564,598,42,14.00,42)
	,(1565,598,58,13.25,60)
	,(1566,598,64,33.25,48)
	,(1567,599,4,22.00,21)
	,(1568,599,70,15.00,30)
	,(1569,599,74,10.00,20)
	,(1570,600,1,18.00,80)
	,(1571,600,19,9.20,12)
	,(1572,600,37,26.00,60)
	,(1573,600,45,9.50,36)
	,(1574,600,60,34.00,45)
	,(1575,600,71,21.50,55)
	,(1576,601,5,21.35,30)
	,(1577,601,9,97.00,3)
	,(1578,602,3,10.00,49)
	,(1579,602,26,31.23,18)
	,(1580,603,25,14.00,20)
	,(1581,603,33,2.50,4)
	,(1582,603,70,15.00,30)
	,(1583,604,2,19.00,5)
	,(1584,604,25,14.00,10)
	,(1585,604,57,19.50,10)
	,(1586,604,59,55.00,42)
	,(1587,605,2,19.00,15)
	,(1588,605,17,39.00,6)
	,(1589,605,62,49.30,50)
	,(1590,606,18,62.50,10)
	,(1591,607,10,31.00,100)
	,(1592,607,13,6.00,65)
	,(1593,608,16,17.45,50)
	,(1594,608,31,12.50,14)
	,(1595,608,56,38.00,24)
	,(1596,608,65,21.05,15)
	,(1597,609,2,19.00,20)
	,(1598,609,42,14.00,20)
	,(1599,610,3,10.00,30)
	,(1600,610,26,31.23,35)
	,(1601,610,29,123.79,10)
	,(1602,611,7,30.00,5)
	,(1603,611,27,43.90,10)
	,(1604,611,70,15.00,4)
	,(1605,612,24,4.50,40)
	,(1606,612,54,7.45,35)
	,(1607,612,64,33.25,30)
	,(1608,613,51,53.00,3)
	,(1609,613,76,18.00,20)
	,(1610,614,17,39.00,42)
	,(1611,614,18,62.50,20)
	,(1612,614,21,10.00,40)
	,(1613,614,33,2.50,35)
	,(1614,614,62,49.30,3)
	,(1615,615,11,21.00,25)
	,(1616,615,52,7.00,8)
	,(1617,616,1,18.00,20)
	,(1618,616,58,13.25,12)
	,(1619,617,35,18.00,4)
	,(1620,617,67,14.00,15)
	,(1621,618,38,263.50,60)
	,(1622,618,39,18.00,80)
	,(1623,619,2,19.00,21)
	,(1624,619,24,4.50,6)
	,(1625,619,30,25.89,40)
	,(1626,620,53,32.80,3)
	,(1627,621,26,31.23,20)
	,(1628,621,35,18.00,30)
	,(1629,621,49,20.00,42)
	,(1630,622,1,18.00,40)
	,(1631,622,11,21.00,10)
	,(1632,622,23,9.00,50)
	,(1633,622,68,12.50,20)
	,(1634,623,35,18.00,3)
	,(1635,623,51,53.00,2)
	,(1636,624,6,25.00,50)
	,(1637,624,16,17.45,12)
	,(1638,624,17,39.00,16)
	,(1639,625,55,24.00,10)
	,(1640,625,62,49.30,20)
	,(1641,625,64,33.25,15)
	,(1642,625,65,21.05,21)
	,(1643,626,21,10.00,20)
	,(1644,626,28,45.60,3)
	,(1645,627,10,31.00,10)
	,(1646,628,19,9.20,25)
	,(1647,628,47,9.50,21)
	,(1648,628,49,20.00,15)
	,(1649,629,46,12.00,21)
	,(1650,629,64,33.25,20)
	,(1651,630,16,17.45,30)
	,(1652,630,18,62.50,25)
	,(1653,631,20,81.00,20)
	,(1654,632,40,18.40,12)
	,(1655,632,65,21.05,10)
	,(1656,632,76,18.00,10)
	,(1657,633,23,9.00,30)
	,(1658,633,61,28.50,30)
	,(1659,633,70,15.00,50)
	,(1660,634,73,15.00,10)
	,(1661,635,42,14.00,25)
	,(1662,635,49,20.00,20)
	,(1663,635,54,7.45,32)
	,(1664,636,24,4.50,8)
	,(1665,637,21,10.00,40)
	,(1666,637,56,38.00,21)
	,(1667,637,65,21.05,12)
	,(1668,638,2,19.00,20)
	,(1669,638,24,4.50,12)
	,(1670,638,70,15.00,30)
	,(1671,638,77,13.00,25)
	,(1672,639,10,31.00,70)
	,(1673,639,31,12.50,35)
	,(1674,639,77,13.00,40)
	,(1675,640,25,14.00,5)
	,(1676,641,2,19.00,20)
	,(1677,641,68,12.50,18)
	,(1678,642,11,21.00,40)
	,(1679,642,38,263.50,40)
	,(1680,643,17,39.00,15)
	,(1681,643,34,14.00,10)
	,(1682,643,41,9.65,14)
	,(1683,644,30,25.89,15)
	,(1684,645,59,55.00,40)
	,(1685,646,8,40.00,30)
	,(1686,646,24,4.50,10)
	,(1687,646,29,123.79,24)
	,(1688,646,30,25.89,35)
	,(1689,646,36,19.00,20)
	,(1690,647,13,6.00,28)
	,(1691,647,69,36.00,50)
	,(1692,647,75,7.75,120)
	,(1693,648,24,4.50,110)
	,(1694,648,39,18.00,45)
	,(1695,648,40,18.40,91)
	,(1696,648,60,34.00,100)
	,(1697,649,45,9.50,15)
	,(1698,649,56,38.00,16)
	,(1699,650,29,123.79,80)
	,(1700,650,30,25.89,36)
	,(1701,651,13,6.00,5)
	,(1702,652,39,18.00,8)
	,(1703,653,70,15.00,3)
	,(1704,654,41,9.65,30)
	,(1705,654,71,21.50,30)
	,(1706,655,55,24.00,30)
	,(1707,655,62,49.30,6)
	,(1708,656,13,6.00,40)
	,(1709,656,65,21.05,21)
	,(1710,656,68,12.50,20)
	,(1711,657,58,13.25,15)
	,(1712,657,62,49.30,35)
	,(1713,658,1,18.00,20)
	,(1714,659,61,28.50,15)
	,(1715,660,75,7.75,14)
	,(1716,661,7,30.00,20)
	,(1717,661,52,7.00,14)
	,(1718,662,7,30.00,12)
	,(1719,662,16,17.45,15)
	,(1720,662,41,9.65,5)
	,(1721,663,19,9.20,12)
	,(1722,663,49,20.00,10)
	,(1723,663,61,28.50,5)
	,(1724,664,1,18.00,10)
	,(1725,664,17,39.00,12)
	,(1726,664,67,14.00,15)
	,(1727,665,11,21.00,40)
	,(1728,665,29,123.79,60)
	,(1729,666,4,22.00,30)
	,(1730,666,33,2.50,40)
	,(1731,666,58,13.25,15)
	,(1732,667,71,21.50,25)
	,(1733,668,17,39.00,10)
	,(1734,668,33,2.50,30)
	,(1735,668,54,7.45,10)
	,(1736,669,16,17.45,6)
	,(1737,669,32,32.00,6)
	,(1738,669,57,19.50,20)
	,(1739,670,30,25.89,1)
	,(1740,670,60,34.00,10)
	,(1741,671,1,18.00,60)
	,(1742,671,60,34.00,25)
	,(1743,672,16,17.45,24)
	,(1744,672,25,14.00,24)
	,(1745,672,40,18.40,20)
	,(1746,673,50,16.25,24)
	,(1747,674,35,18.00,10)
	,(1748,674,63,43.90,40)
	,(1749,675,17,39.00,15)
	,(1750,675,24,4.50,35)
	,(1751,676,42,14.00,10)
	,(1752,676,43,46.00,10)
	,(1753,676,67,14.00,24)
	,(1754,677,10,31.00,20)
	,(1755,677,28,45.60,30)
	,(1756,677,75,7.75,6)
	,(1757,678,36,19.00,25)
	,(1758,678,52,7.00,12)
	,(1759,679,11,21.00,2)
	,(1760,679,13,6.00,10)
	,(1761,679,19,9.20,7)
	,(1762,679,72,34.80,10)
	,(1763,680,20,81.00,5)
	,(1764,680,52,7.00,5)
	,(1765,680,76,18.00,20)
	,(1766,681,47,9.50,5)
	,(1767,681,76,18.00,5)
	,(1768,682,21,10.00,60)
	,(1769,682,75,7.75,49)
	,(1770,682,77,13.00,15)
	,(1771,683,21,10.00,36)
	,(1772,683,27,43.90,25)
	,(1773,683,55,24.00,25)
	,(1774,683,58,13.25,30)
	,(1775,684,13,6.00,42)
	,(1776,684,57,19.50,30)
	,(1777,685,16,17.45,30)
	,(1778,685,62,49.30,14)
	,(1779,685,72,34.80,16)
	,(1780,685,75,7.75,20)
	,(1781,686,53,32.80,2)
	,(1782,686,61,28.50,30)
	,(1783,687,6,25.00,20)
	,(1784,688,1,18.00,21)
	,(1785,688,18,62.50,4)
	,(1786,688,23,9.00,8)
	,(1787,689,36,19.00,30)
	,(1788,690,28,45.60,8)
	,(1789,690,34,14.00,20)
	,(1790,691,13,6.00,20)
	,(1791,691,43,46.00,24)
	,(1792,691,60,34.00,49)
	,(1793,691,71,21.50,35)
	,(1794,692,2,19.00,10)
	,(1795,692,67,14.00,40)
	,(1796,693,7,30.00,8)
	,(1797,693,13,6.00,20)
	,(1798,694,31,12.50,44)
	,(1799,694,62,49.30,30)
	,(1800,694,68,12.50,80)
	,(1801,694,72,34.80,50)
	,(1802,695,49,20.00,28)
	,(1803,696,13,6.00,15)
	,(1804,696,22,21.00,21)
	,(1805,696,46,12.00,15)
	,(1806,697,11,21.00,5)
	,(1807,697,44,19.45,18)
	,(1808,697,56,38.00,18)
	,(1809,698,13,6.00,20)
	,(1810,698,31,12.50,10)
	,(1811,699,10,31.00,25)
	,(1812,699,24,4.50,25)
	,(1813,699,77,13.00,40)
	,(1814,700,59,55.00,4)
	,(1815,701,50,16.25,9)
	,(1816,701,51,53.00,40)
	,(1817,701,55,24.00,4)
	,(1818,702,6,25.00,12)
	,(1819,702,10,31.00,30)
	,(1820,702,17,39.00,6)
	,(1821,702,62,49.30,60)
	,(1822,703,4,22.00,5)
	,(1823,704,33,2.50,15)
	,(1824,704,41,9.65,6)
	,(1825,704,75,7.75,50)
	,(1826,705,6,25.00,16)
	,(1827,705,28,45.60,2)
	,(1828,706,20,81.00,50)
	,(1829,706,31,12.50,50)
	,(1830,707,16,17.45,28)
	,(1831,707,31,12.50,25)
	,(1832,707,45,9.50,30)
	,(1833,707,60,34.00,24)
	,(1834,708,75,7.75,12)
	,(1835,709,21,10.00,12)
	,(1836,709,47,9.50,14)
	,(1837,709,51,53.00,8)
	,(1838,710,30,25.89,30)
	,(1839,710,35,18.00,40)
	,(1840,710,64,33.25,8)
	,(1841,711,5,21.35,20)
	,(1842,711,7,30.00,6)
	,(1843,711,72,34.80,5)
	,(1844,712,75,7.75,20)
	,(1845,713,24,4.50,10)
	,(1846,713,41,9.65,24)
	,(1847,714,52,7.00,6)
	,(1848,714,76,18.00,60)
	,(1849,715,7,30.00,45)
	,(1850,715,13,6.00,77)
	,(1851,715,53,32.80,20)
	,(1852,715,69,36.00,9)
	,(1853,715,76,18.00,44)
	,(1854,716,60,34.00,2)
	,(1855,717,18,62.50,6)
	,(1856,717,38,263.50,5)
	,(1857,717,69,36.00,10)
	,(1858,718,51,53.00,16)
	,(1859,719,37,26.00,8)
	,(1860,719,56,38.00,12)
	,(1861,719,62,49.30,12)
	,(1862,720,19,9.20,12)
	,(1863,720,49,20.00,40)
	,(1864,721,12,38.00,30)
	,(1865,721,24,4.50,30)
	,(1866,721,64,33.25,4)
	,(1867,722,46,12.00,9)
	,(1868,723,52,7.00,40)
	,(1869,724,29,123.79,14)
	,(1870,725,17,39.00,6)
	,(1871,725,33,2.50,7)
	,(1872,726,26,31.23,5)
	,(1873,726,41,9.65,6)
	,(1874,726,75,7.75,10)
	,(1875,727,63,43.90,10)
	,(1876,728,8,40.00,16)
	,(1877,728,75,7.75,10)
	,(1878,729,28,45.60,20)
	,(1879,730,39,18.00,30)
	,(1880,730,47,9.50,30)
	,(1881,730,51,53.00,10)
	,(1882,730,63,43.90,20)
	,(1883,731,8,40.00,20)
	,(1884,731,21,10.00,40)
	,(1885,731,40,18.40,10)
	,(1886,731,44,19.45,6)
	,(1887,732,7,30.00,18)
	,(1888,732,12,38.00,20)
	,(1889,732,24,4.50,80)
	,(1890,732,27,43.90,30)
	,(1891,732,31,12.50,24)
	,(1892,732,63,43.90,35)
	,(1893,733,75,7.75,40)
	,(1894,734,38,263.50,60)
	,(1895,735,7,30.00,20)
	,(1896,735,43,46.00,9)
	,(1897,736,13,6.00,84)
	,(1898,736,57,19.50,15)
	,(1899,737,16,17.45,55)
	,(1900,737,24,4.50,20)
	,(1901,737,36,19.00,40)
	,(1902,738,16,17.45,36)
	,(1903,738,18,62.50,8)
	,(1904,738,32,32.00,35)
	,(1905,739,11,21.00,30)
	,(1906,739,20,81.00,15)
	,(1907,739,76,18.00,10)
	,(1908,739,77,13.00,15)
	,(1909,740,7,30.00,60)
	,(1910,740,43,46.00,6)
	,(1911,740,72,34.80,20)
	,(1912,741,7,30.00,60)
	,(1913,741,62,49.30,40)
	,(1914,742,6,25.00,40)
	,(1915,742,11,21.00,15)
	,(1916,742,41,9.65,4)
	,(1917,743,21,10.00,65)
	,(1918,743,34,14.00,60)
	,(1919,743,55,24.00,65)
	,(1920,743,61,28.50,66)
	,(1921,744,2,19.00,50)
	,(1922,744,70,15.00,20)
	,(1923,744,76,18.00,90)
	,(1924,745,72,34.80,2)
	,(1925,746,29,123.79,50)
	,(1926,746,41,9.65,35)
	,(1927,747,59,55.00,18)
	,(1928,748,51,53.00,20)
	,(1929,748,60,34.00,4)
	,(1930,749,42,14.00,40)
	,(1931,750,32,32.00,50)
	,(1932,750,46,12.00,20)
	,(1933,750,52,7.00,20)
	,(1934,751,24,4.50,12)
	,(1935,751,61,28.50,7)
	,(1936,751,74,10.00,20)
	,(1937,751,75,7.75,30)
	,(1938,752,41,9.65,20)
	,(1939,752,51,53.00,15)
	,(1940,752,77,13.00,21)
	,(1941,753,4,22.00,25)
	,(1942,753,24,4.50,30)
	,(1943,753,77,13.00,30)
	,(1944,754,7,30.00,60)
	,(1945,754,22,21.00,25)
	,(1946,754,46,12.00,25)
	,(1947,754,55,24.00,6)
	,(1948,755,13,6.00,56)
	,(1949,755,35,18.00,15)
	,(1950,755,42,14.00,24)
	,(1951,755,55,24.00,40)
	,(1952,756,1,18.00,4)
	,(1953,756,40,18.40,10)
	,(1954,756,52,7.00,10)
	,(1955,757,26,31.23,6)
	,(1956,757,76,18.00,6)
	,(1957,758,1,18.00,2)
	,(1958,758,59,55.00,10)
	,(1959,759,1,18.00,8)
	,(1960,759,29,123.79,2)
	,(1961,760,8,40.00,30)
	,(1962,760,29,123.79,10)
	,(1963,760,42,14.00,14)
	,(1964,761,28,45.60,70)
	,(1965,761,34,14.00,90)
	,(1966,761,71,21.50,21)
	,(1967,762,24,4.50,12)
	,(1968,762,36,19.00,18)
	,(1969,762,60,34.00,9)
	,(1970,763,7,30.00,20)
	,(1971,763,24,4.50,10)
	,(1972,764,58,13.25,40)
	,(1973,764,71,21.50,20)
	,(1974,765,19,9.20,50)
	,(1975,765,60,34.00,36)
	,(1976,765,71,21.50,60)
	,(1977,766,23,9.00,10)
	,(1978,766,42,14.00,4)
	,(1979,766,45,9.50,20)
	,(1980,766,68,12.50,2)
	,(1981,767,41,9.65,28)
	,(1982,768,30,25.89,15)
	,(1983,768,77,13.00,18)
	,(1984,769,31,12.50,15)
	,(1985,769,36,19.00,16)
	,(1986,770,3,10.00,25)
	,(1987,770,59,55.00,110)
	,(1988,770,70,15.00,30)
	,(1989,771,12,38.00,20)
	,(1990,771,18,62.50,10)
	,(1991,771,56,38.00,5)
	,(1992,772,46,12.00,3)
	,(1993,772,49,20.00,2)
	,(1994,773,10,31.00,24)
	,(1995,774,2,19.00,11)
	,(1996,774,20,81.00,15)
	,(1997,774,26,31.23,63)
	,(1998,774,51,53.00,44)
	,(1999,774,72,34.80,35)
	,(2000,775,19,9.20,35)
	,(2001,775,69,36.00,30)
	,(2002,776,7,30.00,4)
	,(2003,776,43,46.00,30)
	,(2004,777,26,31.23,12)
	,(2005,777,33,2.50,30)
	,(2006,777,65,21.05,21)
	,(2007,777,71,21.50,50)
	,(2008,778,1,18.00,10)
	,(2009,778,13,6.00,20)
	,(2010,779,18,62.50,8)
	,(2011,779,51,53.00,10)
	,(2012,780,24,4.50,30)
	,(2013,780,62,49.30,21)
	,(2014,781,55,24.00,35)
	,(2015,781,59,55.00,24)
	,(2016,782,56,38.00,20)
	,(2017,782,63,43.90,12)
	,(2018,783,2,19.00,100)
	,(2019,783,5,21.35,70)
	,(2020,783,29,123.79,60)
	,(2021,783,59,55.00,100)
	,(2022,784,1,18.00,45)
	,(2023,784,13,6.00,80)
	,(2024,784,24,4.50,21)
	,(2025,784,64,33.25,20)
	,(2026,784,71,21.50,16)
	,(2027,785,36,19.00,35)
	,(2028,785,38,263.50,25)
	,(2029,785,59,55.00,30)
	,(2030,786,53,32.80,70)
	,(2031,786,69,36.00,36)
	,(2032,787,21,10.00,15)
	,(2033,787,44,19.45,12)
	,(2034,787,61,28.50,6)
	,(2035,788,1,18.00,10)
	,(2036,788,35,18.00,60)
	,(2037,788,42,14.00,30)
	,(2038,788,54,7.45,10)
	,(2039,789,13,6.00,7)
	,(2040,789,59,55.00,30)
	,(2041,790,70,15.00,4)
	,(2042,791,40,18.40,5)
	,(2043,791,52,7.00,2)
	,(2044,791,71,21.50,30)
	,(2045,792,28,45.60,20)
	,(2046,792,35,18.00,24)
	,(2047,792,49,20.00,60)
	,(2048,792,57,19.50,28)
	,(2049,793,21,10.00,20)
	,(2050,794,2,19.00,30)
	,(2051,794,63,43.90,30)
	,(2052,795,44,19.45,15)
	,(2053,795,61,28.50,4)
	,(2054,796,11,21.00,10)
	,(2055,797,62,49.30,12)
	,(2056,798,33,2.50,15)
	,(2057,798,51,53.00,24)
	,(2058,799,12,38.00,20)
	,(2059,799,32,32.00,15)
	,(2060,799,35,18.00,18)
	,(2061,800,1,18.00,25)
	,(2062,800,5,21.35,30)
	,(2063,801,68,12.50,42)
	,(2064,802,2,19.00,10)
	,(2065,802,12,38.00,4)
	,(2066,803,76,18.00,50)
	,(2067,804,24,4.50,10)
	,(2068,805,43,46.00,30)
	,(2069,805,61,28.50,10)
	,(2070,806,18,62.50,35)
	,(2071,806,32,32.00,20)
	,(2072,806,64,33.25,25)
	,(2073,807,33,2.50,10)
	,(2074,807,67,14.00,20)
	,(2075,808,24,4.50,15)
	,(2076,808,25,14.00,15)
	,(2077,808,51,53.00,20)
	,(2078,808,57,19.50,20)
	,(2079,809,7,30.00,40)
	,(2080,809,55,24.00,35)
	,(2081,809,60,34.00,50)
	,(2082,810,70,15.00,3)
	,(2083,811,21,10.00,3)
	,(2084,811,60,34.00,21)
	,(2085,811,61,28.50,4)
	,(2086,812,13,6.00,30)
	,(2087,812,17,39.00,12)
	,(2088,812,60,34.00,35)
	,(2089,813,60,34.00,4)
	,(2090,813,77,13.00,10)
	,(2091,814,60,34.00,15)
	,(2092,815,53,32.80,10)
	,(2093,815,70,15.00,12)
	,(2094,816,34,14.00,30)
	,(2095,816,40,18.40,40)
	,(2096,816,41,9.65,30)
	,(2097,817,17,39.00,77)
	,(2098,817,41,9.65,12)
	,(2099,817,53,32.80,25)
	,(2100,817,55,24.00,4)
	,(2101,817,68,12.50,55)
	,(2102,818,30,25.89,4)
	,(2103,818,54,7.45,20)
	,(2104,819,16,17.45,3)
	,(2105,819,19,9.20,42)
	,(2106,819,34,14.00,35)
	,(2107,820,41,9.65,9)
	,(2108,821,28,45.60,8)
	,(2109,821,43,46.00,36)
	,(2110,821,77,13.00,28)
	,(2111,822,39,18.00,20)
	,(2112,823,1,18.00,40)
	,(2113,823,2,19.00,20)
	,(2114,823,16,17.45,30)
	,(2115,823,31,12.50,20)
	,(2116,824,7,30.00,15)
	,(2117,824,13,6.00,10)
	,(2118,825,2,19.00,8)
	,(2119,825,41,9.65,40)
	,(2120,825,50,16.25,22)
	,(2121,825,64,33.25,130)
	,(2122,826,11,21.00,10)
	,(2123,826,24,4.50,20)
	,(2124,827,16,17.45,14)
	,(2125,828,2,19.00,10)
	,(2126,828,46,12.00,30)
	,(2127,828,76,18.00,2)
	,(2128,829,6,25.00,20)
	,(2129,829,14,23.25,20)
	,(2130,829,19,9.20,10)
	,(2131,830,2,19.00,24)
	,(2132,830,3,10.00,4)
	,(2133,830,4,22.00,1)
	,(2134,830,6,25.00,1)
	,(2135,830,7,30.00,1)
	,(2136,830,8,40.00,2)
	,(2137,830,10,31.00,1)
	,(2138,830,12,38.00,2)
	,(2139,830,13,6.00,4)
	,(2140,830,14,23.25,1)
	,(2141,830,16,17.45,2)
	,(2142,830,20,81.00,1)
	,(2143,830,23,9.00,2)
	,(2144,830,32,32.00,1)
	,(2145,830,39,18.00,2)
	,(2146,830,41,9.65,3)
	,(2147,830,46,12.00,3)
	,(2148,830,52,7.00,2)
	,(2149,830,55,24.00,2)
	,(2150,830,60,34.00,2)
	,(2151,830,64,33.25,2)
	,(2152,830,66,17.00,1)
	,(2153,830,73,15.00,2)
	,(2154,830,75,7.75,4)
	,(2155,830,77,13.00,2);
	
create table Product (
 Id int primary key not null,
 ProductName varchar(50) not null,
 SupplierId int not null,
 UnitPrice decimal(12,2),
 Package varchar(30),
 IsDiscontinued smallint not null
);

INSERT INTO Product (Id,ProductName,SupplierId,UnitPrice,Package,IsDiscontinued)
VALUES(1,'Chai',1,18.00,'10 boxes x 20 bags',0)
	,(2,'Chang',1,19.00,'24 - 12 oz bottles',0)
	,(3,'Aniseed Syrup',1,10.00,'12 - 550 ml bottles',0)
	,(4,'Chef Anton''s Cajun Seasoning',2,22.00,'48 - 6 oz jars',0)
	,(5,'Chef Anton''s Gumbo Mix',2,21.35,'36 boxes',1)
	,(6,'Grandma''s Boysenberry Spread',3,25.00,'12 - 8 oz jars',0)
	,(7,'Uncle Bob''s Organic Dried Pears',3,30.00,'12 - 1 lb pkgs.',0)
	,(8,'Northwoods Cranberry Sauce',3,40.00,'12 - 12 oz jars',0)
	,(9,'Mishi Kobe Niku',4,97.00,'18 - 500 g pkgs.',1)
	,(10,'Ikura',4,31.00,'12 - 200 ml jars',0)
	,(11,'Queso Cabrales',5,21.00,'1 kg pkg.',0)
	,(12,'Queso Manchego La Pastora',5,38.00,'10 - 500 g pkgs.',0)
	,(13,'Konbu',6,6.00,'2 kg box',0)
	,(14,'Tofu',6,23.25,'40 - 100 g pkgs.',0)
	,(15,'Genen Shouyu',6,15.50,'24 - 250 ml bottles',0)
	,(16,'Pavlova',7,17.45,'32 - 500 g boxes',0)
	,(17,'Alice Mutton',7,39.00,'20 - 1 kg tins',1)
	,(18,'Carnarvon Tigers',7,62.50,'16 kg pkg.',0)
	,(19,'Teatime Chocolate Biscuits',8,9.20,'10 boxes x 12 pieces',0)
	,(20,'Sir Rodney''s Marmalade',8,81.00,'30 gift boxes',0)
	,(21,'Sir Rodney''s Scones',8,10.00,'24 pkgs. x 4 pieces',0)
	,(22,'Gustaf''s Knckebrd',9,21.00,'24 - 500 g pkgs.',0)
	,(23,'Tunnbrd',9,9.00,'12 - 250 g pkgs.',0)
	,(24,'Guaran Fantstica',10,4.50,'12 - 355 ml cans',1)
	,(25,'NuNuCa Nu-Nougat-Creme',11,14.00,'20 - 450 g glasses',0)
	,(26,'Gumbr Gummibrchen',11,31.23,'100 - 250 g bags',0)
	,(27,'Schoggi Schokolade',11,43.90,'100 - 100 g pieces',0)
	,(28,'Rssle Sauerkraut',12,45.60,'25 - 825 g cans',1)
	,(29,'Thringer Rostbratwurst',12,123.79,'50 bags x 30 sausgs.',1)
	,(30,'Nord-Ost Matjeshering',13,25.89,'10 - 200 g glasses',0)
	,(31,'Gorgonzola Telino',14,12.50,'12 - 100 g pkgs',0)
	,(32,'Mascarpone Fabioli',14,32.00,'24 - 200 g pkgs.',0)
	,(33,'Geitost',15,2.50,'500 g',0)
	,(34,'Sasquatch Ale',16,14.00,'24 - 12 oz bottles',0)
	,(35,'Steeleye Stout',16,18.00,'24 - 12 oz bottles',0)
	,(36,'Inlagd Sill',17,19.00,'24 - 250 g  jars',0)
	,(37,'Gravad lax',17,26.00,'12 - 500 g pkgs.',0)
	,(38,'Cte de Blaye',18,263.50,'12 - 75 cl bottles',0)
	,(39,'Chartreuse verte',18,18.00,'750 cc per bottle',0)
	,(40,'Boston Crab Meat',19,18.40,'24 - 4 oz tins',0)
	,(41,'Jack''s New England Clam Chowder',19,9.65,'12 - 12 oz cans',0)
	,(42,'Singaporean Hokkien Fried Mee',20,14.00,'32 - 1 kg pkgs.',1)
	,(43,'Ipoh Coffee',20,46.00,'16 - 500 g tins',0)
	,(44,'Gula Malacca',20,19.45,'20 - 2 kg bags',0)
	,(45,'Rogede sild',21,9.50,'1k pkg.',0)
	,(46,'Spegesild',21,12.00,'4 - 450 g glasses',0)
	,(47,'Zaanse koeken',22,9.50,'10 - 4 oz boxes',0)
	,(48,'Chocolade',22,12.75,'10 pkgs.',0)
	,(49,'Maxilaku',23,20.00,'24 - 50 g pkgs.',0)
	,(50,'Valkoinen suklaa',23,16.25,'12 - 100 g bars',0)
	,(51,'Manjimup Dried Apples',24,53.00,'50 - 300 g pkgs.',0)
	,(52,'Filo Mix',24,7.00,'16 - 2 kg boxes',0)
	,(53,'Perth Pasties',24,32.80,'48 pieces',1)
	,(54,'Tourtire',25,7.45,'16 pies',0)
	,(55,'Pt chinois',25,24.00,'24 boxes x 2 pies',0)
	,(56,'Gnocchi di nonna Alice',26,38.00,'24 - 250 g pkgs.',0)
	,(57,'Ravioli Angelo',26,19.50,'24 - 250 g pkgs.',0)
	,(58,'Escargots de Bourgogne',27,13.25,'24 pieces',0)
	,(59,'Raclette Courdavault',28,55.00,'5 kg pkg.',0)
	,(60,'Camembert Pierrot',28,34.00,'15 - 300 g rounds',0)
	,(61,'Sirop d''rable',29,28.50,'24 - 500 ml bottles',0)
	,(62,'Tarte au sucre',29,49.30,'48 pies',0)
	,(63,'Vegie-spread',7,43.90,'15 - 625 g jars',0)
	,(64,'Wimmers gute Semmelkndel',12,33.25,'20 bags x 4 pieces',0)
	,(65,'Louisiana Fiery Hot Pepper Sauce',2,21.05,'32 - 8 oz bottles',0)
	,(66,'Louisiana Hot Spiced Okra',2,17.00,'24 - 8 oz jars',0)
	,(67,'Laughing Lumberjack Lager',16,14.00,'24 - 12 oz bottles',0)
	,(68,'Scottish Longbreads',8,12.50,'10 boxes x 8 pieces',0)
	,(69,'Gudbrandsdalsost',15,36.00,'10 kg pkg.',0)
	,(70,'Outback Lager',7,15.00,'24 - 355 ml bottles',0)
	,(71,'Flotemysost',15,21.50,'10 - 500 g pkgs.',0)
	,(72,'Mozzarella di Giovanni',14,34.80,'24 - 200 g pkgs.',0)
	,(73,'Rd Kaviar',17,15.00,'24 - 150 g jars',0)
	,(74,'Longlife Tofu',4,10.00,'5 kg pkg.',0)
	,(75,'Rhnbru Klosterbier',12,7.75,'24 - 0.5 l bottles',0)
	,(76,'Lakkalikri',23,18.00,'500 ml',0)
	,(77,'Original Frankfurter grne Soe',12,13.00,'12 boxes',0)
	,(78,'Stroopwafels',22,9.75,'24 pieces',0);

